Codigo;Descripcion;Color;Talla;Departamento;Referencia;Marca;Costo;Precio Maximo;Precio Oferta;Precio Mayor;Precio Minimo
BS4051;BOTA DE SEGURIDAD SAGA T/SUPERVISOR 4051;Marron;46;BOTAS DE SEGURIDAD;BOTA MARRON EN NOBUCK - TIPO SUPERVISOR;SAGA;26,23;42;39;37;34
;;;45;;;;26,23;42;39;37;34
;;;44;;;;26,23;42;39;37;34
;;;43;;;;25,9;42;39;37;34
;;;42;;;;25,9;42;39;37;34
;;;41;;;;25,9;42;39;37;34
;;;40;;;;25,9;42;39;37;34
;;;39;;;;25,9;42;39;37;34
;;;38;;;;25,9;42;39;37;34
;;;37;;;;25,9;42;39;37;34
;;;36;;;;25,9;42;39;37;34
;;;35;;;;25,9;42;39;37;34
BS4050;BOTA DE SEGURIDAD SAGA T/SUPERVISOR 4050;Marron;46;BOTAS DE SEGURIDAD;BOTA MARRON EN NOBUCK - TIPO SUPERVISOR;SAGA;22,05;35;32;30;28
;;;45;;;;22,05;35;32;30;28
;;;44;;;;22,05;35;32;30;28
;;;43;;;;21,39;35;32;30;28
;;;42;;;;21,39;35;32;30;28
;;;41;;;;21,39;35;32;30;28
;;;40;;;;21,39;35;32;30;28
;;;39;;;;21,39;35;32;30;28
;;;38;;;;21,39;35;32;30;28
;;;37;;;;21,39;35;32;30;28
;;;36;;;;21,39;35;32;30;28
;;;35;;;;21,39;35;32;30;28
BS2021;BOTA DE SEGURIDAD SAGA T/OPERATIVA 2021;Negro;46;BOTAS DE SEGURIDAD;BOTA MARRON EN NAPPA - TIPO OPERATIVA;SAGA;16,93;28;26;24;22
;;;45;;;;16,93;28;26;24;22
;;;44;;;;16,93;28;26;24;22
;;;43;;;;16;28;26;24;22
;;;42;;;;16;28;26;24;22
;;;41;;;;16;28;26;24;22
;;;40;;;;16;28;26;24;22
;;;39;;;;16;28;26;24;22
;;;38;;;;16;28;26;24;22
;;;37;;;;16;28;26;24;22
;;;36;;;;16;28;26;24;22
;;;35;;;;16;28;26;24;22
140201;PLANTILLA  ANATOMICA SAGA;;;BOTAS DE SEGURIDAD;;SAGA;2,82;5;4,5;4;3,5
BPVC-01;BOTA PVC V-FLEX BLANCA C/P;Blanca;45;BOTAS DE SEGURIDAD;BOTA EN PVC CON PUNTERA Y PLANTILLA;V-FLEX;18;29;27;25;23,5
;;;44;;;;18;29;27;25;23,5
;;;43;;;;18;29;27;25;23,5
;;;42;;;;18;29;27;25;23,5
;;;41;;;;18;29;27;25;23,5
;;;40;;;;18;29;27;25;23,5
;;;39;;;;18;29;27;25;23,5
;;;38;;;;18;29;27;25;23,5
;;;37;;;;18;29;27;25;23,5
;;;36;;;;18;29;27;25;23,5
BPVC-02;BOTA PVC V-FLEX NEGRA C/P;Blanca;45;BOTAS DE SEGURIDAD;BOTA EN PVC CON PUNTERA Y PLANTILLA;V-FLEX;17,07;28;26;24;22,5
;;;44;;;;17,07;27;24;22;21
;;;43;;;;17,07;27;24;22;21
;;;42;;;;17,07;27;24;22;21
;;;41;;;;17,07;27;24;22;21
;;;40;;;;17,07;27;24;22;21
;;;39;;;;17,07;27;24;22;21
;;;38;;;;17,07;27;24;22;21
;;;37;;;;17,07;27;24;22;21
;;;36;;;;17,07;27;24;22;21
050101;GORRA FLEXFIT YP CLASSICS;BLACK;AJUSTABLE;GORRAS;GORRA YUPOONG FLEXFIT DE MALLA CON BROCHE AJUSTABLE SNAPBACK;FLEXFIT;5,4;13;12;11;8
;;CARAMEL;;;;;5,4;13;12;11;8
;;CHARCOAL;;;;;5,4;13;12;11;8
;;KHAHI;;;;;5,4;13;12;11;8
;;CRANBERRY;;;;;5,4;13;12;11;8
;;DARK HEATHER;;;;;5,4;13;12;11;8
;;EVERGREEN;;;;;5,4;13;12;11;8
;;RED;;;;;5,4;13;12;11;8
;;NAVY;;;;;5,4;13;12;11;8
;;PINK;;;;;5,4;13;12;11;8
;;SILVER;;;;;5,4;13;12;11;8
;;WHITE;;;;;5,4;13;12;11;8
;;BLACK/WHITE;;;;;5,4;13;12;11;8
;;BROWN/KHAKI;;;;;5,4;13;12;11;8
;;CARAMEL/BLACK;;;;;5,4;13;12;11;8
;;CHACOAL/BLACK;;;;;5,4;13;12;11;8
;;CHACOAL/NAVY;;;;;5,4;13;12;11;8
;;CHACOAL/NEON GREEN;;;;;5,4;13;12;11;8
;;CHACOAL/NEON ORANGE;;;;;5,4;13;12;11;8
;;CHACOAL/WHITE;;;;;5,4;13;12;11;8
;;COYOTE BROWN/BLACK;;;;;5,4;13;12;11;8
;;EVERGREEN/WHITE;;;;;5,4;13;12;11;8
;;HEATHER/BLACK;;;;;5,4;13;12;11;8
;;HEATHER/WHITE;;;;;5,4;13;12;11;8
;;MAROON/GREY;;;;;5,4;13;12;11;8
;;MOSS/KHAKI;;;;;5,4;13;12;11;8
;;NAVY/SILVER;;;;;5,4;13;12;11;8
;;NAVY/WHITE;;;;;5,4;13;12;11;8
;;RED/BLACK;;;;;5,4;13;12;11;8
;;RED/WHITE;;;;;5,4;13;12;11;8
;;ROYAL/ WHITE;;;;;5,4;13;12;11;8
;;RUSTIC ORANGE/KHAKI;;;;;5,4;13;12;11;8
;;STEEL BLUE/SILVER;;;;;5,4;13;12;11;8
;;TURQOISE/SILVER;;;;;5,4;13;12;11;8
050102;GORRAS FLEXFIT MULTICAM;MULTICAM;AJUSTABLE;GORRAS;GORRA YUPOONG FLEXFIT DE MALLA CON BROCHE AJUSTABLE SNAPBACK;FLEXFIT;7,5;14;13;12;10
;;ALPINA/WHITE;;;;;7,5;14;13;12;10
;;ARID/BROWN;;;;;7,5;14;13;12;10
;;ARID/TAN;;;;;7,5;14;13;12;10
;;BLACK;;;;;7,5;14;13;12;10
;;TROPIC/GREEN;;;;;7,5;14;13;12;10
;;CAMO/BLACK;;;;;6,11;14;13;12;10
050104;GORRA FLEXFIT 110 ;BLACK;AJUSTABLE;GORRAS;GORRA YUPOONG FLEXFIT DE MALLA CON BROCHE AJUSTABLE SNAPBACK Y CON GOMA FLEXFIT;FLEXFIT;6,9;14;13;12;12
;;CHARCOAL;;;;;6,9;14;13;12;12
;;NAVY;;;;;6,9;14;13;12;12
;;RED;;;;;6,9;14;13;12;12
;;WHITE;;;;;6,9;14;13;12;12
;;BRWON/KHAKI;;;;;6,9;14;13;12;12
;;CARAMEL/KHAKI;;;;;6,9;14;13;12;12
;;CHARCOAL/BLACK;;;;;6,9;14;13;12;12
;;CHARCOAL/WHITE;;;;;6,9;14;13;12;12
;;COYOTE BROWN/BLACK;;;;;6,9;14;13;12;12
;;COYOTE BROWN/KHAKI;;;;;6,9;14;13;12;12
;;HEATHER/BLACK;;;;;6,9;14;13;12;12
;;HEATHER/WHITE;;;;;6,9;14;13;12;12
;;MELANGE CHARCOAL/BLACK;;;;;6,9;14;13;12;12
;;MELANGE SILVER/WHITE;;;;;6,9;14;13;12;12
;;NAVY/WHITE;;;;;6,9;14;13;12;12
;;OLIVE/KHAKI;;;;;6,9;14;13;12;12
;;RED/WHITE;;;;;6,9;14;13;12;12
;;ROYAL/WHITE;;;;;6,9;14;13;12;12
050105;GORRA FLEXFIT UNIPANEL MALLA;BLACK;S/M  Y  L/XL;GORRAS;GORRA YUPOONG FLEXFIT DE MALLA CERRADA;FLEXFIT;7,3;17;16;14;12
;;BLACK/WHITE;;;;;7,3;17;16;14;12
;;CHARCOAL;;;;;7,3;17;16;14;12
;;CHARCOAL/WHITE;;;;;7,3;17;16;14;12
;;MLG DK GREY;;;;;7,3;17;16;14;12
;;MLG DK GREY/BLACK;;;;;7,3;17;16;14;12
;;MLG HEATER/WHITE;;;;;7,3;17;16;14;12
;;MLG NAVY;;;;;7,3;17;16;14;12
;;MLG NAVY/WHITE;;;;;7,3;17;16;14;12
;;MLG OLIVE;;;;;7,3;17;16;14;12
;;TRUE NAVY;;;;;7,3;17;16;14;12
;;TRUE NAVY/WHITE;;;;;7,3;17;16;14;12
050201;GORRA ACRILICA GENERICA;AZUL MARINO;AJUSTABLE;GORRAS;AJUSTABLE, CIERRE MAGICO, BROCHE CAIMAN O BROCHE SNAPBACK;GENERICA;1,85;6;5;4;3
;;AZUL REY;;;;;1,85;6;5;4;3
;;BEIGE;;;;;1,85;6;5;4;3
;;BLANCO;;;;;1,85;6;5;4;3
;;GRIS CLARO;;;;;1,85;6;5;4;3
;;GRIS MEDIO;;;;;1,85;6;5;4;3
;;GRIS OSCURO;;;;;1,85;6;5;4;3
;;NEGRO;;;;;1,85;6;5;4;3
40110;PANTALON JEAN SEGURIDAD CABALLERO 26-36;AZUL MARINO;26;PANTALON;JEAN 13.50 oz TRIPLE COSTURA INTERNA;NAJUL;9,5;15;14;13;12
;;;28;;;;9,5;15;14;13;12
;;;30;;;;9,5;15;14;13;12
;;;32;;;;9,5;15;14;13;12
;;;34;;;;9,5;15;14;13;12
;;;36;;;;9,5;15;14;13;12
40111;PANTALON JEAN SEGURIDAD CABALLERO 38-44;AZUL MARINO;38;PANTALON;JEAN 13.50 oz TRIPLE COSTURA INTERNA;NAJUL;10,5;16,2;15,4;14,2;13,7
;;;40;;;;10,5;16,2;15,4;14,2;13,7
;;;42;;;;10,5;16,2;15,4;14,2;13,7
;;;44;;;;10,5;16,2;15,4;14,2;13,7
40112;PANTALON JEAN SEGURIDAD DAMA 26-36;AZUL MARINO;26;PANTALON;JEAN 11 oz COSTURA REFORZADA;NAJUL;10;16;14,8;13,5;12,6
;;;28;;;;10;16;14,8;13,5;12,6
;;;30;;;;10;16;14,8;13,5;12,6
;;;32;;;;10;16;14,8;13,5;12,6
;;;34;;;;10;16;14,8;13,5;12,6
;;;36;;;;10;16;14,8;13,5;12,6
40112;PANTALON JEAN DE SEGURIDAD DAMA 38-44;AZUL MARINO;38;PANTALON;JEAN 11 oz COSTURA REFORZADA;NAJUL;11;17;16,2;15,4;14,2
;;;40;;;;11;17;16,2;15,4;14,2
;;;42;;;;11;17;16,2;15,4;14,2
;;;44;;;;11;17;16,2;15,4;14,2
S010101;CAMISA CLASICA UNIOFFICE BORDADA SS-XL;BLANCO;SS/EP;PRODUCTOS FABRICADOS;;NAJUL;9,04;18,5;17;16,5;16
;;BEIGE;S/P;;;;;;;;
;;GRIS;M/M;;;;;;;;
;;GRIS TITANIUM;L/G;;;;;;;;
;;AZUL TRAMAS;XL/EG;;;;;;;;
;;AZUL CELESTE;;;;;;;;;
;;AZUL TURQUESA;;;;;;;;;
;;AZUL MARINO;;;;;;;;;
;;AZUL CHAMBRAY;;;;;;;;;
;;NARANJA;;;;;;;;;
;;ROJO;;;;;;;;;
;;VERDE AGUA;;;;;;;;;
;;VERDE;;;;;;;;;
S010102;CAMISA CLASICA UNIOFFICE BORDADA 2XL - 5XL;BLANCO;2XL/2EG;PRODUCTOS FABRICADOS;;NAJUL;9,9;20,5;18,9;18,4;17,8
;;BEIGE;3XL/3EG;;;;;;;;
;;GRIS;4XL/4EG;;;;;;;;
;;GRIS TITANIUM;5XL/5EG;;;;;;;;
;;AZUL TRAMAS;;;;;;;;;
;;AZUL CELESTE;;;;;;;;;
;;AZUL TURQUESA;;;;;;;;;
;;AZUL MARINO;;;;;;;;;
;;AZUL CHAMBRAY;;;;;;;;;
;;NARANJA;;;;;;;;;
;;ROJO;;;;;;;;;
;;VERDE AGUA;;;;;;;;;
;;VERDE;;;;;;;;;
S010103;CAMISA CLASICA UNIOFFICE BORDADA NI헲;BLANCO;2;PRODUCTOS FABRICADOS;;NAJUL;8,4;18;16,4;15,9;15,4
;;BEIGE;4;;;;;;;;
;;GRIS;6;;;;;;;;
;;GRIS TITANIUM;8;;;;;;;;
;;AZUL TRAMAS;10;;;;;;;;
;;AZUL CELESTE;12;;;;;;;;
;;AZUL TURQUESA;14;;;;;;;;
;;AZUL MARINO;16;;;;;;;;
;;AZUL CHAMBRAY;;;;;;;;;
;;NARANJA;;;;;;;;;
;;ROJO;;;;;;;;;
;;VERDE AGUA;;;;;;;;;
;;VERDE;;;;;;;;;
S010104;CAMISA CLASICA  ALGODON EGIPCIO BORDADA SS-XL;BLANCO;SS/EP;PRODUCTOS FABRICADOS;;NAJUL;8,09;17;15,6;15,1;14,6
;;NEGRO;S/P;;;;;;;;
;;AZUL MARINO;M/M;;;;;;;;
;;AZUL REY;L/G;;;;;;;;
;;AZUL CELESTE;XL/EG;;;;;;;;
;;BEIGE;;;;;;;;;
;;GRIS OSCURO;;;;;;;;;
;;GRIS MEDIO;;;;;;;;;
;;GRIS CLARO;;;;;;;;;
;;ROJO;;;;;;;;;
;;NARANJA;;;;;;;;;
;;VERDE HOJA;;;;;;;;;
;;VERNDE MANZANA;;;;;;;;;
;;AMARILLO BANDERA;;;;;;;;;
;;AMARILLO CATERPILLAR;;;;;;;;;
S010105;CAMISA CLASICA ALGODON EGIPCIO BORDADA 2XL-5XL;BLANCO;2XL/2EG;PRODUCTOS FABRICADOS;;NAJUL;8,81;18,5;17;16,4;15,8
;;NEGRO;3XL/3EG;;;;;;;;
;;AZUL MARINO;4XL/4EG;;;;;;;;
;;AZUL REY;5XL/5EG;;;;;;;;
;;AZUL CELESTE;;;;;;;;;
;;BEIGE;;;;;;;;;
;;GRIS OSCURO;;;;;;;;;
;;GRIS MEDIO;;;;;;;;;
;;GRIS CLARO;;;;;;;;;
;;ROJO;;;;;;;;;
;;NARANJA;;;;;;;;;
;;VERDE HOJA;;;;;;;;;
;;VERNDE MANZANA;;;;;;;;;
;;AMARILLO BANDERA;;;;;;;;;
;;AMARILLO CATERPILLAR;;;;;;;;;
S010106;CAMISA CLASICA ALGOD흁 EGIPCIO BORDADA NI헲;BLANCO;2;PRODUCTOS FABRICADOS;;NAJUL;7,7;16;15;14,6;14,2
;;NEGRO;4;;;;;;;;
;;AZUL MARINO;6;;;;;;;;
;;AZUL REY;8;;;;;;;;
;;AZUL CELESTE;10;;;;;;;;
;;BEIGE;12;;;;;;;;
;;GRIS OSCURO;14;;;;;;;;
;;GRIS MEDIO;16;;;;;;;;
;;GRIS CLARO;;;;;;;;;
;;ROJO;;;;;;;;;
;;NARANJA;;;;;;;;;
;;VERDE HOJA;;;;;;;;;
;;VERNDE MANZANA;;;;;;;;;
;;AMARILLO BANDERA;;;;;;;;;
;;AMARILLO CATERPILLAR;;;;;;;;;
S010107;CAMISA CLASICA MICROFIBRA BORDADA SS-XL;BLANCO;SS/EP;PRODUCTOS FABRICADOS;; NAJUL;7;15;14;13,3;12,8
;;NEGRO;S/P;;;;;;;;
;;AZUL MARINO;M/M;;;;;;;;
;;AZUL REY;L/G;;;;;;;;
;;AZUL CELESTE;XL/EG;;;;;;;;
;;BEIGE;;;;;;;;;
;;GRIS OSCURO;;;;;;;;;
;;GRIS MEDIO;;;;;;;;;
;;GRIS CLARO;;;;;;;;;
;;ROJO;;;;;;;;;
;;NARANJA;;;;;;;;;
;;VERDE HOJA;;;;;;;;;
;;VERNDE MANZANA;;;;;;;;;
;;AMARILLO BANDERA;;;;;;;;;
;;AMARILLO CATERPILLAR;;;;;;;;;
S010108;CAMISA CLASICA MICROFIBRA BORDADA 2XL-5XL;BLANCO;2XL/2EG;PRODUCTOS FABRICADOS;;NAJUL;8,4;18;16,5;16;15,3
;;NEGRO;3XL/3EG;;;;;;;;
;;AZUL MARINO;4XL/4EG;;;;;;;;
;;AZUL REY;5XL/5EG;;;;;;;;
;;AZUL CELESTE;;;;;;;;;
;;BEIGE;;;;;;;;;
;;GRIS OSCURO;;;;;;;;;
;;GRIS MEDIO;;;;;;;;;
;;GRIS CLARO;;;;;;;;;
;;ROJO;;;;;;;;;
;;NARANJA;;;;;;;;;
;;VERDE HOJA;;;;;;;;;
;;VERNDE MANZANA;;;;;;;;;
;;AMARILLO BANDERA;;;;;;;;;
;;AMARILLO CATERPILLAR;;;;;;;;;
S010109;CAMISA CLASICA MICROFIBRA NI헲 BORDADA ;BLANCO;2;PRODUCTOS FABRICADOS;;NAJUL;6,5;14;13,2;12,2;11,7
;;NEGRO;4;;;;;;;;
;;AZUL MARINO;6;;;;;;;;
;;AZUL REY;8;;;;;;;;
;;AZUL CELESTE;10;;;;;;;;
;;BEIGE;12;;;;;;;;
;;GRIS OSCURO;14;;;;;;;;
;;GRIS MEDIO;16;;;;;;;;
;;GRIS CLARO;;;;;;;;;
;;ROJO;;;;;;;;;
;;NARANJA;;;;;;;;;
;;VERDE HOJA;;;;;;;;;
;;VERNDE MANZANA;;;;;;;;;
;;AMARILLO BANDERA;;;;;;;;;
;;AMARILLO CATERPILLAR;;;;;;;;;
S010201;CAMISA CLASICA ML UNIOFFICE BORDADA SS-XL;BLANCO;SS/EP;PRODUCTOS FABRICADOS;;NAJUL;10,12;21;19;18,5;17,9
;;BEIGE;S/P;;;;;;;;
;;GRIS;M/M;;;;;;;;
;;GRIS TITANIUM;L/G;;;;;;;;
;;AZUL TRAMAS;XL/EG;;;;;;;;
;;AZUL CELESTE;;;;;;;;;
;;AZUL TURQUESA;;;;;;;;;
;;AZUL MARINO;;;;;;;;;
;;AZUL CHAMBRAY;;;;;;;;;
;;NARANJA;;;;;;;;;
;;ROJO;;;;;;;;;
;;VERDE AGUA;;;;;;;;;
;;VERDE;;;;;;;;;
S010202;CAMISA CLASICA ML UNIOFFICE BORDADA 2XL-5XL;BLANCO;2XL/2EG;PRODUCTOS FABRICADOS;;NAJUL;10,97;23;21;20,4;19,6
;;BEIGE;3XL/3EG;;;;;;;;
;;GRIS;4XL/4EG;;;;;;;;
;;GRIS TITANIUM;5XL/5EG;;;;;;;;
;;AZUL TRAMAS;;;;;;;;;
;;AZUL CELESTE;;;;;;;;;
;;AZUL TURQUESA;;;;;;;;;
;;AZUL MARINO;;;;;;;;;
;;AZUL CHAMBRAY;;;;;;;;;
;;NARANJA;;;;;;;;;
;;ROJO;;;;;;;;;
;;VERDE AGUA;;;;;;;;;
;;VERDE;;;;;;;;;
S010203;CAMISA CLASICA ML UNIOFFICE NI헲 BORDADA ;BLANCO;2;PRODUCTOS FABRICADOS;;NAJUL;9,2;19;17,8;17,2;16,6
;;BEIGE;4;;;;;;;;
;;GRIS;6;;;;;;;;
;;GRIS TITANIUM;8;;;;;;;;
;;AZUL TRAMAS;10;;;;;;;;
;;AZUL CELESTE;12;;;;;;;;
;;AZUL TURQUESA;14;;;;;;;;
;;AZUL MARINO;16;;;;;;;;
;;AZUL CHAMBRAY;;;;;;;;;
;;NARANJA;;;;;;;;;
;;ROJO;;;;;;;;;
;;VERDE AGUA;;;;;;;;;
;;VERDE;;;;;;;;;
S010204;CAMISA CLASICA ML ALGODON EGIPCIO BORDADA SS-XL;BLANCO;SS/EP;PRODUCTOS FABRICADOS;;NAJUL;8,99;18,8;17,2;16,8;16,2
;;NEGRO;S/P;;;;;;;;
;;AZUL MARINO;M/M;;;;;;;;
;;AZUL REY;L/G;;;;;;;;
;;AZUL CELESTE;XL/EG;;;;;;;;
;;BEIGE;;;;;;;;;
;;GRIS OSCURO;;;;;;;;;
;;GRIS MEDIO;;;;;;;;;
;;GRIS CLARO;;;;;;;;;
;;ROJO;;;;;;;;;
;;NARANJA;;;;;;;;;
;;VERDE HOJA;;;;;;;;;
;;VERNDE MANZANA;;;;;;;;;
;;AMARILLO BANDERA;;;;;;;;;
;;AMARILLO CATERPILLAR;;;;;;;;;
S010205;CAMISA CLASICA ML ALGODON EGIPCIO BORDADA 2XL-5XL;BLANCO;2XL/2EG;PRODUCTOS FABRICADOS;;NAJUL;9,7;20,5;18,7;18,2;17,7
;;NEGRO;3XL/3EG;;;;;;;;
;;AZUL MARINO;4XL/4EG;;;;;;;;
;;AZUL REY;5XL/5EG;;;;;;;;
;;AZUL CELESTE;;;;;;;;;
;;BEIGE;;;;;;;;;
;;GRIS OSCURO;;;;;;;;;
;;GRIS MEDIO;;;;;;;;;
;;GRIS CLARO;;;;;;;;;
;;ROJO;;;;;;;;;
;;NARANJA;;;;;;;;;
;;VERDE HOJA;;;;;;;;;
;;VERNDE MANZANA;;;;;;;;;
;;AMARILLO BANDERA;;;;;;;;;
;;AMARILLO CATERPILLAR;;;;;;;;;
S010206;CAMISA CLASICA ML ALGODON EGIPCIO NI헲 BORDADA ;BLANCO;2;PRODUCTOS FABRICADOS;;NAJUL;8,5;17,5;16,5;16;15,5
;;NEGRO;4;;;;;;;;
;;AZUL MARINO;6;;;;;;;;
;;AZUL REY;8;;;;;;;;
;;AZUL CELESTE;10;;;;;;;;
;;BEIGE;12;;;;;;;;
;;GRIS OSCURO;14;;;;;;;;
;;GRIS MEDIO;16;;;;;;;;
;;GRIS CLARO;;;;;;;;;
;;ROJO;;;;;;;;;
;;NARANJA;;;;;;;;;
;;VERDE HOJA;;;;;;;;;
;;VERNDE MANZANA;;;;;;;;;
;;AMARILLO BANDERA;;;;;;;;;
;;AMARILLO CATERPILLAR;;;;;;;;;
S010207;CAMISA CLASICA ML MICROFIBRA BORDADA SS-XL;BLANCO;SS/EP;PRODUCTOS FABRICADOS;;NAJUL;7,8;17;15,5;15,2;14,8
;;NEGRO;S/P;;;;;;;;
;;AZUL MARINO;M/M;;;;;;;;
;;AZUL REY;L/G;;;;;;;;
;;AZUL CELESTE;XL/EG;;;;;;;;
;;BEIGE;;;;;;;;;
;;GRIS OSCURO;;;;;;;;;
;;GRIS MEDIO;;;;;;;;;
;;GRIS CLARO;;;;;;;;;
;;ROJO;;;;;;;;;
;;NARANJA;;;;;;;;;
;;VERDE HOJA;;;;;;;;;
;;VERNDE MANZANA;;;;;;;;;
;;AMARILLO BANDERA;;;;;;;;;
;;AMARILLO CATERPILLAR;;;;;;;;;
S010208;CAMISA CLASICA ML MICROFIBRA BORDADA 2XL-5XL;BLANCO;2XL/2EG;PRODUCTOS FABRICADOS;;NAJUL;8,5;17,5;16;15,7;14,2
;;NEGRO;3XL/3EG;;;;;;;;
;;AZUL MARINO;4XL/4EG;;;;;;;;
;;AZUL REY;5XL/5EG;;;;;;;;
;;AZUL CELESTE;;;;;;;;;
;;BEIGE;;;;;;;;;
;;GRIS OSCURO;;;;;;;;;
;;GRIS MEDIO;;;;;;;;;
;;GRIS CLARO;;;;;;;;;
;;ROJO;;;;;;;;;
;;NARANJA;;;;;;;;;
;;VERDE HOJA;;;;;;;;;
;;VERNDE MANZANA;;;;;;;;;
;;AMARILLO BANDERA;;;;;;;;;
;;AMARILLO CATERPILLAR;;;;;;;;;
S010209;CAMISA CLASICA ML MICROFIBRA NI헲 BORDADA ;BLANCO;2;PRODUCTOS FABRICADOS;;NAJUL;7,4;16;14,8;14,4;13,9
;;NEGRO;4;;;;;;;;
;;AZUL MARINO;6;;;;;;;;
;;AZUL REY;8;;;;;;;;
;;AZUL CELESTE;10;;;;;;;;
;;BEIGE;12;;;;;;;;
;;GRIS OSCURO;14;;;;;;;;
;;GRIS MEDIO;16;;;;;;;;
;;GRIS CLARO;;;;;;;;;
;;ROJO;;;;;;;;;
;;NARANJA;;;;;;;;;
;;VERDE HOJA;;;;;;;;;
;;VERNDE MANZANA;;;;;;;;;
;;AMARILLO BANDERA;;;;;;;;;
;;AMARILLO CATERPILLAR;;;;;;;;;
S010301;CAMISA COLUMBIA UNIOFFICE BORDADA SS-XL;BLANCO;SS/EP;PRODUCTOS FABRICADOS;;NAJUL;9,5;18,5;17;16,5;16
;;BEIGE;S/P;;;;;;;;
;;GRIS;M/M;;;;;;;;
;;GRIS TITANIUM;L/G;;;;;;;;
;;AZUL TRAMAS;XL/EG;;;;;;;;
;;AZUL CELESTE;;;;;;;;;
;;AZUL TURQUESA;;;;;;;;;
;;AZUL MARINO;;;;;;;;;
;;AZUL CHAMBRAY;;;;;;;;;
;;NARANJA;;;;;;;;;
;;ROJO;;;;;;;;;
;;VERDE AGUA;;;;;;;;;
;;VERDE;;;;;;;;;
S010302;CAMISA COLUMBIA UNIOFFICE BORDADA 2XL-5XL;BLANCO;2XL/2EG;PRODUCTOS FABRICADOS;;NAJUL;10,36;20,5;18,9;18,4;17,8
;;BEIGE;3XL/3EG;;;;;;;;
;;GRIS;4XL/4EG;;;;;;;;
;;GRIS TITANIUM;5XL/5EG;;;;;;;;
;;AZUL TRAMAS;;;;;;;;;
;;AZUL CELESTE;;;;;;;;;
;;AZUL TURQUESA;;;;;;;;;
;;AZUL MARINO;;;;;;;;;
;;AZUL CHAMBRAY;;;;;;;;;
;;NARANJA;;;;;;;;;
;;ROJO;;;;;;;;;
;;VERDE AGUA;;;;;;;;;
;;VERDE;;;;;;;;;
S010303;CAMISA COLUMBIA UNIOFFICE NI헲 BORDADA;BLANCO;2;PRODUCTOS FABRICADOS;;NAJUL;8,9;18;16,4;15,9;15,4
;;BEIGE;4;;;;;;;;
;;GRIS;6;;;;;;;;
;;GRIS TITANIUM;8;;;;;;;;
;;AZUL TRAMAS;10;;;;;;;;
;;AZUL CELESTE;12;;;;;;;;
;;AZUL TURQUESA;14;;;;;;;;
;;AZUL MARINO;16;;;;;;;;
;;AZUL CHAMBRAY;;;;;;;;;
;;NARANJA;;;;;;;;;
;;ROJO;;;;;;;;;
;;VERDE AGUA;;;;;;;;;
;;VERDE;;;;;;;;;
S010304;CAMISA COLUMBIA ALGODON EGIPCIO BORDADA SS-XL;BLANCO;SS/EP;PRODUCTOS FABRICADOS;;NAJUL;8,52;17;15,6;15,1;14,6
;;NEGRO;S/P;;;;;;;;
;;AZUL MARINO;M/M;;;;;;;;
;;AZUL REY;L/G;;;;;;;;
;;AZUL CELESTE;XL/EG;;;;;;;;
;;BEIGE;;;;;;;;;
;;GRIS OSCURO;;;;;;;;;
;;GRIS MEDIO;;;;;;;;;
;;GRIS CLARO;;;;;;;;;
;;ROJO;;;;;;;;;
;;NARANJA;;;;;;;;;
;;VERDE HOJA;;;;;;;;;
;;VERNDE MANZANA;;;;;;;;;
;;AMARILLO BANDERA;;;;;;;;;
;;AMARILLO CATERPILLAR;;;;;;;;;
S010305;CAMISA COLUMBIA ALGODON EGIPCIO BORDADA 2XL-5XL;BLANCO;2XL/2EG;PRODUCTOS FABRICADOS;;NAJUL;9,23;18,5;17;16,4;15,8
;;NEGRO;3XL/3EG;;;;;;;;
;;AZUL MARINO;4XL/4EG;;;;;;;;
;;AZUL REY;5XL/5EG;;;;;;;;
;;AZUL CELESTE;;;;;;;;;
;;BEIGE;;;;;;;;;
;;GRIS OSCURO;;;;;;;;;
;;GRIS MEDIO;;;;;;;;;
;;GRIS CLARO;;;;;;;;;
;;ROJO;;;;;;;;;
;;NARANJA;;;;;;;;;
;;VERDE HOJA;;;;;;;;;
;;VERNDE MANZANA;;;;;;;;;
;;AMARILLO BANDERA;;;;;;;;;
;;AMARILLO CATERPILLAR;;;;;;;;;
S010306;CAMISA COLUMBIA ALGOD흁 EGIPCIO PLUS NI헲 BORDADA ;BLANCO;2;PRODUCTOS FABRICADOS;;NAJUL;8,2;16;15;14,6;14,2
;;NEGRO;4;;;;;;;;
;;AZUL MARINO;6;;;;;;;;
;;AZUL REY;8;;;;;;;;
;;AZUL CELESTE;10;;;;;;;;
;;BEIGE;12;;;;;;;;
;;GRIS OSCURO;14;;;;;;;;
;;GRIS MEDIO;16;;;;;;;;
;;GRIS CLARO;;;;;;;;;
;;ROJO;;;;;;;;;
;;NARANJA;;;;;;;;;
;;VERDE HOJA;;;;;;;;;
;;VERNDE MANZANA;;;;;;;;;
;;AMARILLO BANDERA;;;;;;;;;
;;AMARILLO CATERPILLAR;;;;;;;;;
S010307;CAMISA COLUMBIA MICROFIBRA BORDADA SS-XL;BLANCO;SS/EP;PRODUCTOS FABRICADOS;;NAJUL;7,5;15;14;13,3;12,8
;;NEGRO;S/P;;;;;;;;
;;AZUL MARINO;M/M;;;;;;;;
;;AZUL REY;L/G;;;;;;;;
;;AZUL CELESTE;XL/EG;;;;;;;;
;;BEIGE;;;;;;;;;
;;GRIS OSCURO;;;;;;;;;
;;GRIS MEDIO;;;;;;;;;
;;GRIS CLARO;;;;;;;;;
;;ROJO;;;;;;;;;
;;NARANJA;;;;;;;;;
;;VERDE HOJA;;;;;;;;;
;;VERNDE MANZANA;;;;;;;;;
;;AMARILLO BANDERA;;;;;;;;;
;;AMARILLO CATERPILLAR;;;;;;;;;
S010308;CAMISA COLUMBIA MICROFIBRA BORDADA 2XL-5XL;BLANCO;2XL/2EG;PRODUCTOS FABRICADOS;;NAJUL;8,9;18;16,5;16;15,3
;;NEGRO;3XL/3EG;;;;;;;;
;;AZUL MARINO;4XL/4EG;;;;;;;;
;;AZUL REY;5XL/5EG;;;;;;;;
;;AZUL CELESTE;;;;;;;;;
;;BEIGE;;;;;;;;;
;;GRIS OSCURO;;;;;;;;;
;;GRIS MEDIO;;;;;;;;;
;;GRIS CLARO;;;;;;;;;
;;ROJO;;;;;;;;;
;;NARANJA;;;;;;;;;
;;VERDE HOJA;;;;;;;;;
;;VERNDE MANZANA;;;;;;;;;
;;AMARILLO BANDERA;;;;;;;;;
;;AMARILLO CATERPILLAR;;;;;;;;;
S010309;CAMISA COLUMBIA MICROFIBRA NI헲 BORDADA ;BLANCO;2;PRODUCTOS FABRICADOS;;NAJUL;7;14;13,2;12,2;11,7
;;NEGRO;4;;;;;;;;
;;AZUL MARINO;6;;;;;;;;
;;AZUL REY;8;;;;;;;;
;;AZUL CELESTE;10;;;;;;;;
;;BEIGE;12;;;;;;;;
;;GRIS OSCURO;14;;;;;;;;
;;GRIS MEDIO;16;;;;;;;;
;;GRIS CLARO;;;;;;;;;
;;ROJO;;;;;;;;;
;;NARANJA;;;;;;;;;
;;VERDE HOJA;;;;;;;;;
;;VERNDE MANZANA;;;;;;;;;
;;AMARILLO BANDERA;;;;;;;;;
;;AMARILLO CATERPILLAR;;;;;;;;;
S010401;CAMISA COLUMBIA ML UNIOFFICE BORDADA SS-XL;BLANCO;SS/EP;PRODUCTOS FABRICADOS;;NAJUL;10,57;21;19;18,5;17,9
;;BEIGE;S/P;;;;;;;;
;;GRIS;M/M;;;;;;;;
;;GRIS TITANIUM;L/G;;;;;;;;
;;AZUL TRAMAS;XL/EG;;;;;;;;
;;AZUL CELESTE;;;;;;;;;
;;AZUL TURQUESA;;;;;;;;;
;;AZUL MARINO;;;;;;;;;
;;AZUL CHAMBRAY;;;;;;;;;
;;NARANJA;;;;;;;;;
;;ROJO;;;;;;;;;
;;VERDE AGUA;;;;;;;;;
;;VERDE;;;;;;;;;
S010402;CAMISA COLUMBIA ML UNIOFFICE BORDADA 2XL-5XL;BLANCO;2XL/2EG;PRODUCTOS FABRICADOS;;NAJUL;11,43;23;21;20,4;19,6
;;BEIGE;3XL/3EG;;;;;;;;
;;GRIS;4XL/4EG;;;;;;;;
;;GRIS TITANIUM;5XL/5EG;;;;;;;;
;;AZUL TRAMAS;;;;;;;;;
;;AZUL CELESTE;;;;;;;;;
;;AZUL TURQUESA;;;;;;;;;
;;AZUL MARINO;;;;;;;;;
;;AZUL CHAMBRAY;;;;;;;;;
;;NARANJA;;;;;;;;;
;;ROJO;;;;;;;;;
;;VERDE AGUA;;;;;;;;;
;;VERDE;;;;;;;;;
S010403;CAMISA COLUMBIA ML UNIOFFICE NI헲 BORDADA ;BLANCO;2;PRODUCTOS FABRICADOS;;NAJUL;9,7;19;17,8;17,2;16,6
;;BEIGE;4;;;;;;;;
;;GRIS;6;;;;;;;;
;;GRIS TITANIUM;8;;;;;;;;
;;AZUL TRAMAS;10;;;;;;;;
;;AZUL CELESTE;12;;;;;;;;
;;AZUL TURQUESA;14;;;;;;;;
;;AZUL MARINO;16;;;;;;;;
;;AZUL CHAMBRAY;;;;;;;;;
;;NARANJA;;;;;;;;;
;;ROJO;;;;;;;;;
;;VERDE AGUA;;;;;;;;;
;;VERDE;;;;;;;;;
S010404;CAMISA COLUMBIA ML ALGODON EGIPCIO BORDADA SS-XL;BLANCO;SS/EP;PRODUCTOS FABRICADOS;;NAJUL;9,41;18,8;17,2;16,8;16,2
;;NEGRO;S/P;;;;;;;;
;;AZUL MARINO;M/M;;;;;;;;
;;AZUL REY;L/G;;;;;;;;
;;AZUL CELESTE;XL/EG;;;;;;;;
;;BEIGE;;;;;;;;;
;;GRIS OSCURO;;;;;;;;;
;;GRIS MEDIO;;;;;;;;;
;;GRIS CLARO;;;;;;;;;
;;ROJO;;;;;;;;;
;;NARANJA;;;;;;;;;
;;VERDE HOJA;;;;;;;;;
;;VERNDE MANZANA;;;;;;;;;
;;AMARILLO BANDERA;;;;;;;;;
;;AMARILLO CATERPILLAR;;;;;;;;;
S010405;CAMISA COLUMBIA ML ALGODON EGIPCIO BORDADA 2XL-5XL;BLANCO;2XL/2EG;PRODUCTOS FABRICADOS;;NAJUL;10,12;20,5;18,7;18,2;17,7
;;NEGRO;3XL/3EG;;;;;;;;
;;AZUL MARINO;4XL/4EG;;;;;;;;
;;AZUL REY;5XL/5EG;;;;;;;;
;;AZUL CELESTE;;;;;;;;;
;;BEIGE;;;;;;;;;
;;GRIS OSCURO;;;;;;;;;
;;GRIS MEDIO;;;;;;;;;
;;GRIS CLARO;;;;;;;;;
;;ROJO;;;;;;;;;
;;NARANJA;;;;;;;;;
;;VERDE HOJA;;;;;;;;;
;;VERNDE MANZANA;;;;;;;;;
;;AMARILLO BANDERA;;;;;;;;;
;;AMARILLO CATERPILLAR;;;;;;;;;
S010406;CAMISA COLUMBIA ML ALGOD흁 EGIPCIO PLUS NI헲 BORDADA ;BLANCO;2;PRODUCTOS FABRICADOS;;NAJUL;9;17,5;16,5;16;15,5
;;NEGRO;4;;;;;;;;
;;AZUL MARINO;6;;;;;;;;
;;AZUL REY;8;;;;;;;;
;;AZUL CELESTE;10;;;;;;;;
;;BEIGE;12;;;;;;;;
;;GRIS OSCURO;14;;;;;;;;
;;GRIS MEDIO;16;;;;;;;;
;;GRIS CLARO;;;;;;;;;
;;ROJO;;;;;;;;;
;;NARANJA;;;;;;;;;
;;VERDE HOJA;;;;;;;;;
;;VERNDE MANZANA;;;;;;;;;
;;AMARILLO BANDERA;;;;;;;;;
;;AMARILLO CATERPILLAR;;;;;;;;;
S010407;CAMISA COLUMBIA ML MICROFIBRA BORDADA SS-XL;BLANCO;SS/EP;PRODUCTOS FABRICADOS;;NAJUL;8,3;17;15,5;15,2;14,8
;;NEGRO;S/P;;;;;;;;
;;AZUL MARINO;M/M;;;;;;;;
;;AZUL REY;L/G;;;;;;;;
;;AZUL CELESTE;XL/EG;;;;;;;;
;;BEIGE;;;;;;;;;
;;GRIS OSCURO;;;;;;;;;
;;GRIS MEDIO;;;;;;;;;
;;GRIS CLARO;;;;;;;;;
;;ROJO;;;;;;;;;
;;NARANJA;;;;;;;;;
;;VERDE HOJA;;;;;;;;;
;;VERNDE MANZANA;;;;;;;;;
;;AMARILLO BANDERA;;;;;;;;;
;;AMARILLO CATERPILLAR;;;;;;;;;
S010408;CAMISA COLUMBIA ML MICROFIBRA BORDADA 2XL-5XL;BLANCO;2XL/2EG;PRODUCTOS FABRICADOS;;NAJUL;9;17,5;16;15,7;14,2
;;NEGRO;3XL/3EG;;;;;;;;
;;AZUL MARINO;4XL/4EG;;;;;;;;
;;AZUL REY;5XL/5EG;;;;;;;;
;;AZUL CELESTE;;;;;;;;;
;;BEIGE;;;;;;;;;
;;GRIS OSCURO;;;;;;;;;
;;GRIS MEDIO;;;;;;;;;
;;GRIS CLARO;;;;;;;;;
;;ROJO;;;;;;;;;
;;NARANJA;;;;;;;;;
;;VERDE HOJA;;;;;;;;;
;;VERNDE MANZANA;;;;;;;;;
;;AMARILLO BANDERA;;;;;;;;;
;;AMARILLO CATERPILLAR;;;;;;;;;
S010409;CAMISA COLUMBIA ML MICROFIBRA NI헲 BORDADA;BLANCO;2;PRODUCTOS FABRICADOS;;NAJUL;7,9;16;14,8;14,4;13,9
;;NEGRO;4;;;;;;;;
;;AZUL MARINO;6;;;;;;;;
;;AZUL REY;8;;;;;;;;
;;AZUL CELESTE;10;;;;;;;;
;;BEIGE;12;;;;;;;;
;;GRIS OSCURO;14;;;;;;;;
;;GRIS MEDIO;16;;;;;;;;
;;GRIS CLARO;;;;;;;;;
;;ROJO;;;;;;;;;
;;NARANJA;;;;;;;;;
;;VERDE HOJA;;;;;;;;;
;;VERNDE MANZANA;;;;;;;;;
;;AMARILLO BANDERA;;;;;;;;;
;;AMARILLO CATERPILLAR;;;;;;;;;
S020101;CHEMISSE UNICOLOR PIQUET BORDADA SS-XL;BLANCO;SS/EP;PRODUCTOS FABRICADOS;;NAJUL;7,46;15,3;14;13,33;13,2
;;NEGRO;S/P;;;;;;;;
;;AMARILLO BANDERA;M/M;;;;;;;;
;;AMARILLO CATERPILLAR;L/G;;;;;;;;
;;AZUL CELESTE;XL/EG;;;;;;;;
;;AZUL REY;;;;;;;;;
;;AZUL TURQUESA CLARO;;;;;;;;;
;;AZUL TURQUESA;;;;;;;;;
;;AZUL MARINO;;;;;;;;;
;;BEIGE;;;;;;;;;
;;GRIS MELANGE;;;;;;;;;
;;GRIS MEDIO;;;;;;;;;
;;GRIS PLOMO;;;;;;;;;
;;NARANJA;;;;;;;;;
;;ROJO;;;;;;;;;
;;VINOTINTO;;;;;;;;;
;;VERDE CLARO;;;;;;;;;
;;VERDE MANZANA;;;;;;;;;
;;VERDE PERICO;;;;;;;;;
;;VERDE BOTELLA;;;;;;;;;
S020102;CHEMISSE UNICOLOR PIQUET BORDADA 2XL-5XL;BLANCO;2XL/2EG;PRODUCTOS FABRICADOS;;NAJUL;7,76;16,5;15;14,6;13,8
;;NEGRO;3XL/3EG;;;;;;;;
;;AMARILLO BANDERA;4XL/4EG;;;;;;;;
;;AMARILLO CATERPILLAR;5XL/5EG;;;;;;;;
;;AZUL CELESTE;;;;;;;;;
;;AZUL REY;;;;;;;;;
;;AZUL TURQUESA CLARO;;;;;;;;;
;;AZUL TURQUESA;;;;;;;;;
;;AZUL MARINO;;;;;;;;;
;;BEIGE;;;;;;;;;
;;GRIS MELANGE;;;;;;;;;
;;GRIS MEDIO;;;;;;;;;
;;GRIS PLOMO;;;;;;;;;
;;NARANJA;;;;;;;;;
;;ROJO;;;;;;;;;
;;VINOTINTO;;;;;;;;;
;;VERDE CLARO;;;;;;;;;
;;VERDE MANZANA;;;;;;;;;
;;VERDE PERICO;;;;;;;;;
;;VERDE BOTELLA;;;;;;;;;
S020103;CHEMISSE UNICOLOR PIQUET NI헲 BORDADA ;BLANCO;2;PRODUCTOS FABRICADOS;;NAJUL;7;15;13,8;13,6;12,8
;;NEGRO;4;;;;;;;;
;;AMARILLO BANDERA;6;;;;;;;;
;;AMARILLO CATERPILLAR;8;;;;;;;;
;;AZUL CELESTE;10;;;;;;;;
;;AZUL REY;12;;;;;;;;
;;AZUL TURQUESA CLARO;14;;;;;;;;
;;AZUL TURQUESA;16;;;;;;;;
;;AZUL MARINO;;;;;;;;;
;;BEIGE;;;;;;;;;
;;GRIS MELANGE;;;;;;;;;
;;GRIS MEDIO;;;;;;;;;
;;GRIS PLOMO;;;;;;;;;
;;NARANJA;;;;;;;;;
;;ROJO;;;;;;;;;
;;VINOTINTO;;;;;;;;;
;;VERDE CLARO;;;;;;;;;
;;VERDE MANZANA;;;;;;;;;
;;VERDE PERICO;;;;;;;;;
;;VERDE BOTELLA;;;;;;;;;
S020201;CHEMISSE UNICOLOR ML PIQUET BORDADA SS-XL;BLANCO;SS/EP;PRODUCTOS FABRICADOS;;NAJUL;8,48;17,5;16;15,6;15
;;NEGRO;S/P;;;;;;;;
;;AMARILLO BANDERA;M/M;;;;;;;;
;;AMARILLO CATERPILLAR;L/G;;;;;;;;
;;AZUL CELESTE;XL/EG;;;;;;;;
;;AZUL REY;;;;;;;;;
;;AZUL TURQUESA CLARO;;;;;;;;;
;;AZUL TURQUESA;;;;;;;;;
;;AZUL MARINO;;;;;;;;;
;;BEIGE;;;;;;;;;
;;GRIS MELANGE;;;;;;;;;
;;GRIS MEDIO;;;;;;;;;
;;GRIS PLOMO;;;;;;;;;
;;NARANJA;;;;;;;;;
;;ROJO;;;;;;;;;
;;VINOTINTO;;;;;;;;;
;;VERDE CLARO;;;;;;;;;
;;VERDE MANZANA;;;;;;;;;
;;VERDE PERICO;;;;;;;;;
;;VERDE BOTELLA;;;;;;;;;
S020202;CHEMISSE UNICOLOR ML PIQUET BORDADA 2XL-5XL;BLANCO;2XL/2EG;PRODUCTOS FABRICADOS;;NAJUL;9,1;19;17,2;16,8;16,2
;;NEGRO;3XL/3EG;;;;;;;;
;;AMARILLO BANDERA;4XL/4EG;;;;;;;;
;;AMARILLO CATERPILLAR;5XL/5EG;;;;;;;;
;;AZUL CELESTE;;;;;;;;;
;;AZUL REY;;;;;;;;;
;;AZUL TURQUESA CLARO;;;;;;;;;
;;AZUL TURQUESA;;;;;;;;;
;;AZUL MARINO;;;;;;;;;
;;BEIGE;;;;;;;;;
;;GRIS MELANGE;;;;;;;;;
;;GRIS MEDIO;;;;;;;;;
;;GRIS PLOMO;;;;;;;;;
;;NARANJA;;;;;;;;;
;;ROJO;;;;;;;;;
;;VINOTINTO;;;;;;;;;
;;VERDE CLARO;;;;;;;;;
;;VERDE MANZANA;;;;;;;;;
;;VERDE PERICO;;;;;;;;;
;;VERDE BOTELLA;;;;;;;;;
S020203;CHEMISSE UNICOLOR ML PIQUET NI헲 BORDADA ;BLANCO;2;PRODUCTOS FABRICADOS;;NAJUL;7,9;17;15,5;15;14,5
;;NEGRO;4;;;;;;;;
;;AMARILLO BANDERA;6;;;;;;;;
;;AMARILLO CATERPILLAR;8;;;;;;;;
;;AZUL CELESTE;10;;;;;;;;
;;AZUL REY;12;;;;;;;;
;;AZUL TURQUESA CLARO;14;;;;;;;;
;;AZUL TURQUESA;16;;;;;;;;
;;AZUL MARINO;;;;;;;;;
;;BEIGE;;;;;;;;;
;;GRIS MELANGE;;;;;;;;;
;;GRIS MEDIO;;;;;;;;;
;;GRIS PLOMO;;;;;;;;;
;;NARANJA;;;;;;;;;
;;ROJO;;;;;;;;;
;;VINOTINTO;;;;;;;;;
;;VERDE CLARO;;;;;;;;;
;;VERDE MANZANA;;;;;;;;;
;;VERDE PERICO;;;;;;;;;
;;VERDE BOTELLA;;;;;;;;;
S020301;CHEMISSE PREMIUM PIQUET BORDADA SS-XL;BLANCO;SS/EP;PRODUCTOS FABRICADOS;;NAJUL;6,72;15,3;14;13,33;13,2
;;NEGRO;S/P;;;;;;;;
;;AMARILLO BANDERA;M/M;;;;;;;;
;;AMARILLO CATERPILLAR;L/G;;;;;;;;
;;AZUL CELESTE;XL/EG;;;;;;;;
;;AZUL REY;;;;;;;;;
;;AZUL TURQUESA CLARO;;;;;;;;;
;;AZUL TURQUESA;;;;;;;;;
;;AZUL MARINO;;;;;;;;;
;;BEIGE;;;;;;;;;
;;GRIS MELANGE;;;;;;;;;
;;GRIS MEDIO;;;;;;;;;
;;GRIS PLOMO;;;;;;;;;
;;NARANJA;;;;;;;;;
;;ROJO;;;;;;;;;
;;VINOTINTO;;;;;;;;;
;;VERDE CLARO;;;;;;;;;
;;VERDE MANZANA;;;;;;;;;
;;VERDE PERICO;;;;;;;;;
;;VERDE BOTELLA;;;;;;;;;
S020302;CHEMISSE PREMIUM PIQUET BORDADA 2XL-5XL;BLANCO;2XL/2EG;PRODUCTOS FABRICADOS;;NAJUL;7,24;16,5;15;14,6;13,8
;;NEGRO;3XL/3EG;;;;;;;;
;;AMARILLO BANDERA;4XL/4EG;;;;;;;;
;;AMARILLO CATERPILLAR;5XL/5EG;;;;;;;;
;;AZUL CELESTE;;;;;;;;;
;;AZUL REY;;;;;;;;;
;;AZUL TURQUESA CLARO;;;;;;;;;
;;AZUL TURQUESA;;;;;;;;;
;;AZUL MARINO;;;;;;;;;
;;BEIGE;;;;;;;;;
;;GRIS MELANGE;;;;;;;;;
;;GRIS MEDIO;;;;;;;;;
;;GRIS PLOMO;;;;;;;;;
;;NARANJA;;;;;;;;;
;;ROJO;;;;;;;;;
;;VINOTINTO;;;;;;;;;
;;VERDE CLARO;;;;;;;;;
;;VERDE MANZANA;;;;;;;;;
;;VERDE PERICO;;;;;;;;;
;;VERDE BOTELLA;;;;;;;;;
S020303;CHEMISSE PREMIUM PIQUET NI헲 BORDADA ;BLANCO;2;PRODUCTOS FABRICADOS;;NAJUL;6,08;15;13,8;13,6;12,8
;;NEGRO;4;;;;;;;;
;;AMARILLO BANDERA;6;;;;;;;;
;;AMARILLO CATERPILLAR;8;;;;;;;;
;;AZUL CELESTE;10;;;;;;;;
;;AZUL REY;12;;;;;;;;
;;AZUL TURQUESA CLARO;14;;;;;;;;
;;AZUL TURQUESA;16;;;;;;;;
;;AZUL MARINO;;;;;;;;;
;;BEIGE;;;;;;;;;
;;GRIS MELANGE;;;;;;;;;
;;GRIS MEDIO;;;;;;;;;
;;GRIS PLOMO;;;;;;;;;
;;NARANJA;;;;;;;;;
;;ROJO;;;;;;;;;
;;VINOTINTO;;;;;;;;;
;;VERDE CLARO;;;;;;;;;
;;VERDE MANZANA;;;;;;;;;
;;VERDE PERICO;;;;;;;;;
;;VERDE BOTELLA;;;;;;;;;
S020401;CHEMISSE PREMIUM ML PIQUET BORDADA SS-XL;BLANCO;SS/EP;PRODUCTOS FABRICADOS;;NAJUL;7,95;17,5;16;15,6;15
;;NEGRO;S/P;;;;;;;;
;;AMARILLO BANDERA;M/M;;;;;;;;
;;AMARILLO CATERPILLAR;L/G;;;;;;;;
;;AZUL CELESTE;XL/EG;;;;;;;;
;;AZUL REY;;;;;;;;;
;;AZUL TURQUESA CLARO;;;;;;;;;
;;AZUL TURQUESA;;;;;;;;;
;;AZUL MARINO;;;;;;;;;
;;BEIGE;;;;;;;;;
;;GRIS MELANGE;;;;;;;;;
;;GRIS MEDIO;;;;;;;;;
;;GRIS PLOMO;;;;;;;;;
;;NARANJA;;;;;;;;;
;;ROJO;;;;;;;;;
;;VINOTINTO;;;;;;;;;
;;VERDE CLARO;;;;;;;;;
;;VERDE MANZANA;;;;;;;;;
;;VERDE PERICO;;;;;;;;;
;;VERDE BOTELLA;;;;;;;;;
S020402;CHEMISSE PREMIUM ML PIQUET BORDADA 2XL-5XL;BLANCO;2XL/2EG;PRODUCTOS FABRICADOS;;NAJUL;6,57;19;17,2;16,8;16,2
;;NEGRO;3XL/3EG;;;;;;;;
;;AMARILLO BANDERA;4XL/4EG;;;;;;;;
;;AMARILLO CATERPILLAR;5XL/5EG;;;;;;;;
;;AZUL CELESTE;;;;;;;;;
;;AZUL REY;;;;;;;;;
;;AZUL TURQUESA CLARO;;;;;;;;;
;;AZUL TURQUESA;;;;;;;;;
;;AZUL MARINO;;;;;;;;;
;;BEIGE;;;;;;;;;
;;GRIS MELANGE;;;;;;;;;
;;GRIS MEDIO;;;;;;;;;
;;GRIS PLOMO;;;;;;;;;
;;NARANJA;;;;;;;;;
;;ROJO;;;;;;;;;
;;VINOTINTO;;;;;;;;;
;;VERDE CLARO;;;;;;;;;
;;VERDE MANZANA;;;;;;;;;
;;VERDE PERICO;;;;;;;;;
;;VERDE BOTELLA;;;;;;;;;
S020403;CHEMISSE PREMIUM ML PIQUET NI헲 BORDADA ;BLANCO;2;PRODUCTOS FABRICADOS;;NAJUL;9,96;17;15,5;15;14,5
;;NEGRO;4;;;;;;;;
;;AMARILLO BANDERA;6;;;;;;;;
;;AMARILLO CATERPILLAR;8;;;;;;;;
;;AZUL CELESTE;10;;;;;;;;
;;AZUL REY;12;;;;;;;;
;;AZUL TURQUESA CLARO;14;;;;;;;;
;;AZUL TURQUESA;16;;;;;;;;
;;AZUL MARINO;;;;;;;;;
;;BEIGE;;;;;;;;;
;;GRIS MELANGE;;;;;;;;;
;;GRIS MEDIO;;;;;;;;;
;;GRIS PLOMO;;;;;;;;;
;;NARANJA;;;;;;;;;
;;ROJO;;;;;;;;;
;;VINOTINTO;;;;;;;;;
;;VERDE CLARO;;;;;;;;;
;;VERDE MANZANA;;;;;;;;;
;;VERDE PERICO;;;;;;;;;
;;VERDE BOTELLA;;;;;;;;;
S020501;CHEMESSE PREMIUN ATLETICA SS-XL;BLANCO;SS/EP;PRODUCTOS FABRICADOS;;NAJUL;3,71;8,5;7,5;6,8;6
;;NEGRO;S/P;;;;;;;;
;;AZUL MARINO;M/M;;;;;;;;
;;AZUL REY;L/G;;;;;;;;
;;AZUL CELESTE;XL/EG;;;;;;;;
;;BEIGE;;;;;;;;;
;;GRIS OSCURO;;;;;;;;;
;;GRIS MEDIO;;;;;;;;;
;;GRIS CLARO;;;;;;;;;
;;ROJO;;;;;;;;;
;;NARANJA;;;;;;;;;
;;VERDE HOJA;;;;;;;;;
;;VERNDE MANZANA;;;;;;;;;
;;AMARILLO BANDERA;;;;;;;;;
;;AMARILLO CATERPILLAR;;;;;;;;;
S020502;CHEMESSE PREMIUN ATLETICA 2XL-5XL;BLANCO;2XL/2EG;PRODUCTOS FABRICADOS;;NAJUL;3,86;9;8;7,3;6,5
;;NEGRO;3XL/3EG;;;;;;;;
;;AZUL MARINO;4XL/4EG;;;;;;;;
;;AZUL REY;5XL/5EG;;;;;;;;
;;AZUL CELESTE;;;;;;;;;
;;BEIGE;;;;;;;;;
;;GRIS OSCURO;;;;;;;;;
;;GRIS MEDIO;;;;;;;;;
;;GRIS CLARO;;;;;;;;;
;;ROJO;;;;;;;;;
;;NARANJA;;;;;;;;;
;;VERDE HOJA;;;;;;;;;
;;VERNDE MANZANA;;;;;;;;;
;;AMARILLO BANDERA;;;;;;;;;
;;AMARILLO CATERPILLAR;;;;;;;;;
S030101;FRANELA UNICOLOR JERSEY SS-XL;BLANCO;SS/EP;PRODUCTOS FABRICADOS;;NAJUL;4,17;8,5;7,7;7,3;6,7
;;NEGRO;S/P;;;;;;;;
;;AMARILLO BANDERA;M/M;;;;;;;;
;;AMARILLO CATERPILLAR;L/G;;;;;;;;
;;AZUL CELESTE;XL/EG;;;;;;;;
;;AZUL REY;;;;;;;;;
;;AZUL TURQUESA CLARO;;;;;;;;;
;;AZUL TURQUESA;;;;;;;;;
;;AZUL MARINO;;;;;;;;;
;;BEIGE;;;;;;;;;
;;GRIS MELANGE;;;;;;;;;
;;GRIS MEDIO;;;;;;;;;
;;GRIS PLOMO;;;;;;;;;
;;NARANJA;;;;;;;;;
;;ROJO;;;;;;;;;
;;VINOTINTO;;;;;;;;;
;;VERDE CLARO;;;;;;;;;
;;VERDE MANZANA;;;;;;;;;
;;VERDE PERICO;;;;;;;;;
;;VERDE BOTELLA;;;;;;;;;
S030102;FRANELA UNICOLOR JERSEY 2XL-5XL;BLANCO;2XL/2EG;PRODUCTOS FABRICADOS;;NAJUL;4,76;9,5;8,8;8,1;7,6
;;NEGRO;3XL/3EG;;;;;;;;
;;AMARILLO BANDERA;4XL/4EG;;;;;;;;
;;AMARILLO CATERPILLAR;5XL/5EG;;;;;;;;
;;AZUL CELESTE;;;;;;;;;
;;AZUL REY;;;;;;;;;
;;AZUL TURQUESA CLARO;;;;;;;;;
;;AZUL TURQUESA;;;;;;;;;
;;AZUL MARINO;;;;;;;;;
;;BEIGE;;;;;;;;;
;;GRIS MELANGE;;;;;;;;;
;;GRIS MEDIO;;;;;;;;;
;;GRIS PLOMO;;;;;;;;;
;;NARANJA;;;;;;;;;
;;ROJO;;;;;;;;;
;;VINOTINTO;;;;;;;;;
;;VERDE CLARO;;;;;;;;;
;;VERDE MANZANA;;;;;;;;;
;;VERDE PERICO;;;;;;;;;
;;VERDE BOTELLA;;;;;;;;;
S030103;FRANELA UNICOLOR JERSEY NI헲;BLANCO;2;PRODUCTOS FABRICADOS;;NAJUL;3,66;7,5;6,8;6,3;5,9
;;NEGRO;4;;;;;;;;
;;AMARILLO BANDERA;6;;;;;;;;
;;AMARILLO CATERPILLAR;8;;;;;;;;
;;AZUL CELESTE;10;;;;;;;;
;;AZUL REY;12;;;;;;;;
;;AZUL TURQUESA CLARO;14;;;;;;;;
;;AZUL TURQUESA;16;;;;;;;;
;;AZUL MARINO;;;;;;;;;
;;BEIGE;;;;;;;;;
;;GRIS MELANGE;;;;;;;;;
;;GRIS MEDIO;;;;;;;;;
;;GRIS PLOMO;;;;;;;;;
;;NARANJA;;;;;;;;;
;;ROJO;;;;;;;;;
;;VINOTINTO;;;;;;;;;
;;VERDE CLARO;;;;;;;;;
;;VERDE MANZANA;;;;;;;;;
;;VERDE PERICO;;;;;;;;;
;;VERDE BOTELLA;;;;;;;;;
S030110;FRANELA UNICOLOR ATLETICA SS-XL;BLANCO;SS/EP;PRODUCTOS FABRICADOS;;NAJUL;2,43;5,5;5;4,4;3,9
;;NEGRO;S/P;;;;;;;;
;;AZUL MARINO;M/M;;;;;;;;
;;AZUL REY;L/G;;;;;;;;
;;AZUL CELESTE;XL/EG;;;;;;;;
;;BEIGE;;;;;;;;;
;;GRIS OSCURO;;;;;;;;;
;;GRIS MEDIO;;;;;;;;;
;;GRIS CLARO;;;;;;;;;
;;ROJO;;;;;;;;;
;;NARANJA;;;;;;;;;
;;VERDE HOJA;;;;;;;;;
;;VERNDE MANZANA;;;;;;;;;
;;AMARILLO BANDERA;;;;;;;;;
;;AMARILLO CATERPILLAR;;;;;;;;;
S030111;FRANELA UNICOLOR ATLETICA 2XL-5XL;BLANCO;2XL/2EG;PRODUCTOS FABRICADOS;;NAJUL;2,72;6;5,5;5;4,4
;;NEGRO;3XL/3EG;;;;;;;;
;;AZUL MARINO;4XL/4EG;;;;;;;;
;;AZUL REY;5XL/5EG;;;;;;;;
;;AZUL CELESTE;;;;;;;;;
;;BEIGE;;;;;;;;;
;;GRIS OSCURO;;;;;;;;;
;;GRIS MEDIO;;;;;;;;;
;;GRIS CLARO;;;;;;;;;
;;ROJO;;;;;;;;;
;;NARANJA;;;;;;;;;
;;VERDE HOJA;;;;;;;;;
;;VERNDE MANZANA;;;;;;;;;
;;AMARILLO BANDERA;;;;;;;;;
;;AMARILLO CATERPILLAR;;;;;;;;;
S030112;FRANELA UNICOLOR ATLETICA NI헲;BLANCO;2;PRODUCTOS FABRICADOS;;NAJUL;2,14;5;4,5;4;3,5
;;NEGRO;4;;;;;;;;
;;AZUL MARINO;6;;;;;;;;
;;AZUL REY;8;;;;;;;;
;;AZUL CELESTE;10;;;;;;;;
;;BEIGE;12;;;;;;;;
;;GRIS OSCURO;14;;;;;;;;
;;GRIS MEDIO;16;;;;;;;;
;;GRIS CLARO;;;;;;;;;
;;ROJO;;;;;;;;;
;;NARANJA;;;;;;;;;
;;VERDE HOJA;;;;;;;;;
;;VERNDE MANZANA;;;;;;;;;
;;AMARILLO BANDERA;;;;;;;;;
;;AMARILLO CATERPILLAR;;;;;;;;;
S030201;FRANELA UNICOLOR ML JERSEY SS-XL;BLANCO;SS/EP;PRODUCTOS FABRICADOS;;NAJUL;5,19;10,5;9,8;9,2;8,5
;;NEGRO;S/P;;;;;;;;
;;AMARILLO BANDERA;M/M;;;;;;;;
;;AMARILLO CATERPILLAR;L/G;;;;;;;;
;;AZUL CELESTE;XL/EG;;;;;;;;
;;AZUL REY;;;;;;;;;
;;AZUL TURQUESA CLARO;;;;;;;;;
;;AZUL TURQUESA;;;;;;;;;
;;AZUL MARINO;;;;;;;;;
;;BEIGE;;;;;;;;;
;;GRIS MELANGE;;;;;;;;;
;;GRIS MEDIO;;;;;;;;;
;;GRIS PLOMO;;;;;;;;;
;;NARANJA;;;;;;;;;
;;ROJO;;;;;;;;;
;;VINOTINTO;;;;;;;;;
;;VERDE CLARO;;;;;;;;;
;;VERDE MANZANA;;;;;;;;;
;;VERDE PERICO;;;;;;;;;
;;VERDE BOTELLA;;;;;;;;;
S030202;FRANELA UNICOLOR ML JERSEY 2XL-5XL;BLANCO;2XL/2EG;PRODUCTOS FABRICADOS;;NAJUL;5,81;12;11;10,2;9,5
;;NEGRO;3XL/3EG;;;;;;;;
;;AMARILLO BANDERA;4XL/4EG;;;;;;;;
;;AMARILLO CATERPILLAR;5XL/5EG;;;;;;;;
;;AZUL CELESTE;;;;;;;;;
;;AZUL REY;;;;;;;;;
;;AZUL TURQUESA CLARO;;;;;;;;;
;;AZUL TURQUESA;;;;;;;;;
;;AZUL MARINO;;;;;;;;;
;;BEIGE;;;;;;;;;
;;GRIS MELANGE;;;;;;;;;
;;GRIS MEDIO;;;;;;;;;
;;GRIS PLOMO;;;;;;;;;
;;NARANJA;;;;;;;;;
;;ROJO;;;;;;;;;
;;VINOTINTO;;;;;;;;;
;;VERDE CLARO;;;;;;;;;
;;VERDE MANZANA;;;;;;;;;
;;VERDE PERICO;;;;;;;;;
;;VERDE BOTELLA;;;;;;;;;
S030203;FRANELA UNICOLOR ML JERSEY NI헲;BLANCO;2;PRODUCTOS FABRICADOS;;NAJUL;4,27;9;8,2;7,5;7
;;NEGRO;4;;;;;;;;
;;AMARILLO BANDERA;6;;;;;;;;
;;AMARILLO CATERPILLAR;8;;;;;;;;
;;AZUL CELESTE;10;;;;;;;;
;;AZUL REY;12;;;;;;;;
;;AZUL TURQUESA CLARO;14;;;;;;;;
;;AZUL TURQUESA;16;;;;;;;;
;;AZUL MARINO;;;;;;;;;
;;BEIGE;;;;;;;;;
;;GRIS MELANGE;;;;;;;;;
;;GRIS MEDIO;;;;;;;;;
;;GRIS PLOMO;;;;;;;;;
;;NARANJA;;;;;;;;;
;;ROJO;;;;;;;;;
;;VINOTINTO;;;;;;;;;
;;VERDE CLARO;;;;;;;;;
;;VERDE MANZANA;;;;;;;;;
;;VERDE PERICO;;;;;;;;;
;;VERDE BOTELLA;;;;;;;;;
S030210;FRANELA UNICOLOR ML ATLETICA SS-XL;BLANCO;SS/EP;PRODUCTOS FABRICADOS;;NAJUL;2,72;6;5,5;5;4,4
;;NEGRO;S/P;;;;;;;;
;;AZUL MARINO;M/M;;;;;;;;
;;AZUL REY;L/G;;;;;;;;
;;AZUL CELESTE;XL/EG;;;;;;;;
;;BEIGE;;;;;;;;;
;;GRIS OSCURO;;;;;;;;;
;;GRIS MEDIO;;;;;;;;;
;;GRIS CLARO;;;;;;;;;
;;ROJO;;;;;;;;;
;;NARANJA;;;;;;;;;
;;VERDE HOJA;;;;;;;;;
;;VERNDE MANZANA;;;;;;;;;
;;AMARILLO BANDERA;;;;;;;;;
;;AMARILLO CATERPILLAR;;;;;;;;;
S030211;FRANELA UNICOLOR ML ATLETICA 2XL-5XL;BLANCO;2XL/2EG;PRODUCTOS FABRICADOS;;NAJUL;3,23;6,5;6;5,5;4,9
;;NEGRO;3XL/3EG;;;;;;;;
;;AZUL MARINO;4XL/4EG;;;;;;;;
;;AZUL REY;5XL/5EG;;;;;;;;
;;AZUL CELESTE;;;;;;;;;
;;BEIGE;;;;;;;;;
;;GRIS OSCURO;;;;;;;;;
;;GRIS MEDIO;;;;;;;;;
;;GRIS CLARO;;;;;;;;;
;;ROJO;;;;;;;;;
;;NARANJA;;;;;;;;;
;;VERDE HOJA;;;;;;;;;
;;VERNDE MANZANA;;;;;;;;;
;;AMARILLO BANDERA;;;;;;;;;
;;AMARILLO CATERPILLAR;;;;;;;;;
S030212;FRANELA UNICOLOR ML ATLETICA NI헲;BLANCO;2;PRODUCTOS FABRICADOS;;NAJUL;2,2;4,5;5;4,5;3,9
;;NEGRO;4;;;;;;;;
;;AZUL MARINO;6;;;;;;;;
;;AZUL REY;8;;;;;;;;
;;AZUL CELESTE;10;;;;;;;;
;;BEIGE;12;;;;;;;;
;;GRIS OSCURO;14;;;;;;;;
;;GRIS MEDIO;16;;;;;;;;
;;GRIS CLARO;;;;;;;;;
;;ROJO;;;;;;;;;
;;NARANJA;;;;;;;;;
;;VERDE HOJA;;;;;;;;;
;;VERNDE MANZANA;;;;;;;;;
;;AMARILLO BANDERA;;;;;;;;;
;;AMARILLO CATERPILLAR;;;;;;;;;
S030301;FRANELA PREMIUM ATLETICA SS-XL;BLANCO;SS/EP;PRODUCTOS FABRICADOS;;NAJUL;3,01;7;6;5,5;5
;;NEGRO;S/P;;;;;;;;
;;AZUL MARINO;M/M;;;;;;;;
;;AZUL REY;L/G;;;;;;;;
;;AZUL CELESTE;XL/EG;;;;;;;;
;;BEIGE;;;;;;;;;
;;GRIS OSCURO;;;;;;;;;
;;GRIS MEDIO;;;;;;;;;
;;GRIS CLARO;;;;;;;;;
;;ROJO;;;;;;;;;
;;NARANJA;;;;;;;;;
;;VERDE HOJA;;;;;;;;;
;;VERNDE MANZANA;;;;;;;;;
;;AMARILLO BANDERA;;;;;;;;;
;;AMARILLO CATERPILLAR;;;;;;;;;
S030302;FRANELA PREMIUM ATLETICA 2XL-5XL;BLANCO;2XL/2EG;PRODUCTOS FABRICADOS;;NAJUL;4,07;9;8,2;7,4;6,6
;;NEGRO;3XL/3EG;;;;;;;;
;;AZUL MARINO;4XL/4EG;;;;;;;;
;;AZUL REY;5XL/5EG;;;;;;;;
;;AZUL CELESTE;;;;;;;;;
;;BEIGE;;;;;;;;;
;;GRIS OSCURO;;;;;;;;;
;;GRIS MEDIO;;;;;;;;;
;;GRIS CLARO;;;;;;;;;
;;ROJO;;;;;;;;;
;;NARANJA;;;;;;;;;
;;VERDE HOJA;;;;;;;;;
;;VERNDE MANZANA;;;;;;;;;
;;AMARILLO BANDERA;;;;;;;;;
;;AMARILLO CATERPILLAR;;;;;;;;;
S030302;FRANELA PREMIUM ATLETICA NI헲;BLANCO;2;PRODUCTOS FABRICADOS;;NAJUL;2,5;5,5;5,5;4,8;4
;;NEGRO;4;;;;;;;;
;;AZUL MARINO;6;;;;;;;;
;;AZUL REY;8;;;;;;;;
;;AZUL CELESTE;10;;;;;;;;
;;BEIGE;12;;;;;;;;
;;GRIS OSCURO;14;;;;;;;;
;;GRIS MEDIO;16;;;;;;;;
;;GRIS CLARO;;;;;;;;;
;;ROJO;;;;;;;;;
;;NARANJA;;;;;;;;;
;;VERDE HOJA;;;;;;;;;
;;VERNDE MANZANA;;;;;;;;;
;;AMARILLO BANDERA;;;;;;;;;
;;AMARILLO CATERPILLAR;;;;;;;;;
S030401;FRANELA SUBLIMADA SS-XL;;SS/EP;PRODUCTOS FABRICADOS;;NAJUL;9,5;16;14,5;13,5;12,5
;;;S/P;;;;;;;;
;;;M/M;;;;;;;;
;;;L/G;;;;;;;;
;;;XL/EG;;;;;;;;
S030402;FRANELA SUBLIMADA 2XL-5XL;;2XL/2EG;PRODUCTOS FABRICADOS;;NAJUL;11;18;16,5;15,5;14,4
;;;3XL/3EG;;;;;;;;
;;;4XL/4EG;;;;;;;;
;;;5XL/5EG;;;;;;;;
S030401;FRANELA SUBLIMADA NI헲;;2;PRODUCTOS FABRICADOS;;NAJUL;8,5;14;13,5;12,5;11,5
;;;4;;;;;;;;
;;;6;;;;;;;;
;;;8;;;;;;;;
;;;10;;;;;;;;
;;;12;;;;;;;;
;;;14;;;;;;;;
;;;16;;;;;;;;
S030501;FRANELA SUBLIMADA M/L  SS-XL;;SS/EP;PRODUCTOS FABRICADOS;;NAJUL;11;18;16,5;15,5;14,5
;;;S/P;;;;;;;;
;;;M/M;;;;;;;;
;;;L/G;;;;;;;;
;;;XL/EG;;;;;;;;
S030502;FRANELA SUBLIMADA M/L 2XL-5XL;;2XL/2EG;PRODUCTOS FABRICADOS;;NAJUL;12,5;20;19;17,5;16,5
;;;3XL/3EG;;;;;;;;
;;;4XL/4EG;;;;;;;;
;;;5XL/5EG;;;;;;;;
S030502;FRANELA SUBLIMADA M/L NI헲;;2;PRODUCTOS FABRICADOS;;NAJUL;10;16;15;14;13
;;;4;;;;;;;;
;;;6;;;;;;;;
;;;8;;;;;;;;
;;;10;;;;;;;;
;;;12;;;;;;;;
;;;14;;;;;;;;
;;;16;;;;;;;;
S030601;SWETER TIPO CAMPA헤 JERSEY M/C SS-XL;BLANCO;SS/EP;PRODUCTOS FABRICADOS;;NAJUL;4,99;12;10,8;10;8,6
;;NEGRO;S/P;;;;;;;;
;;AMARILLO BANDERA;M/M;;;;;;;;
;;AMARILLO CATERPILLAR;L/G;;;;;;;;
;;AZUL CELESTE;XL/EG;;;;;;;;
;;AZUL REY;;;;;;;;;
;;AZUL TURQUESA CLARO;;;;;;;;;
;;AZUL TURQUESA;;;;;;;;;
;;AZUL MARINO;;;;;;;;;
;;BEIGE;;;;;;;;;
;;GRIS MELANGE;;;;;;;;;
;;GRIS MEDIO;;;;;;;;;
;;GRIS PLOMO;;;;;;;;;
;;NARANJA;;;;;;;;;
;;ROJO;;;;;;;;;
;;VINOTINTO;;;;;;;;;
;;VERDE CLARO;;;;;;;;;
;;VERDE MANZANA;;;;;;;;;
;;VERDE PERICO;;;;;;;;;
;;VERDE BOTELLA;;;;;;;;;
S030604;SWETER TIPO CAMPA헤 JERSEY M/C 2XL-5XL;BLANCO;2XL/2EG;PRODUCTOS FABRICADOS;;NAJUL;4,84;13;12;11;10
;;NEGRO;3XL/3EG;;;;;;;;
;;AMARILLO BANDERA;4XL/4EG;;;;;;;;
;;AMARILLO CATERPILLAR;5XL/5EG;;;;;;;;
;;AZUL CELESTE;;;;;;;;;
;;AZUL REY;;;;;;;;;
;;AZUL TURQUESA CLARO;;;;;;;;;
;;AZUL TURQUESA;;;;;;;;;
;;AZUL MARINO;;;;;;;;;
;;BEIGE;;;;;;;;;
;;GRIS MELANGE;;;;;;;;;
;;GRIS MEDIO;;;;;;;;;
;;GRIS PLOMO;;;;;;;;;
;;NARANJA;;;;;;;;;
;;ROJO;;;;;;;;;
;;VINOTINTO;;;;;;;;;
;;VERDE CLARO;;;;;;;;;
;;VERDE MANZANA;;;;;;;;;
;;VERDE PERICO;;;;;;;;;
;;VERDE BOTELLA;;;;;;;;;
S030702;SWETER TIPO CAMPA헤 JERSEY  M/L SS-XL;BLANCO;SS/EP;PRODUCTOS FABRICADOS;;NAJUL;7,01;17,6;16,7;14,8;12,7
;;NEGRO;S/P;;;;;;;;
;;AMARILLO BANDERA;M/M;;;;;;;;
;;AMARILLO CATERPILLAR;L/G;;;;;;;;
;;AZUL CELESTE;XL/EG;;;;;;;;
;;AZUL REY;;;;;;;;;
;;AZUL TURQUESA CLARO;;;;;;;;;
;;AZUL TURQUESA;;;;;;;;;
;;AZUL MARINO;;;;;;;;;
;;BEIGE;;;;;;;;;
;;GRIS MELANGE;;;;;;;;;
;;GRIS MEDIO;;;;;;;;;
;;GRIS PLOMO;;;;;;;;;
;;NARANJA;;;;;;;;;
;;ROJO;;;;;;;;;
;;VINOTINTO;;;;;;;;;
;;VERDE CLARO;;;;;;;;;
;;VERDE MANZANA;;;;;;;;;
;;VERDE PERICO;;;;;;;;;
;;VERDE BOTELLA;;;;;;;;;
S030705;SWETER TIPO CAMPA헤 JERSEY M/L 2XL-5XL;BLANCO;2XL/2EG;PRODUCTOS FABRICADOS;;NAJUL;7,64;18;17;16;14
;;NEGRO;3XL/3EG;;;;;;;;
;;AMARILLO BANDERA;4XL/4EG;;;;;;;;
;;AMARILLO CATERPILLAR;5XL/5EG;;;;;;;;
;;AZUL CELESTE;;;;;;;;;
;;AZUL REY;;;;;;;;;
;;AZUL TURQUESA CLARO;;;;;;;;;
;;AZUL TURQUESA;;;;;;;;;
;;AZUL MARINO;;;;;;;;;
;;BEIGE;;;;;;;;;
;;GRIS MELANGE;;;;;;;;;
;;GRIS MEDIO;;;;;;;;;
;;GRIS PLOMO;;;;;;;;;
;;NARANJA;;;;;;;;;
;;ROJO;;;;;;;;;
;;VINOTINTO;;;;;;;;;
;;VERDE CLARO;;;;;;;;;
;;VERDE MANZANA;;;;;;;;;
;;VERDE PERICO;;;;;;;;;
;;VERDE BOTELLA;;;;;;;;;
S210101;DELANTAL COCINERO DRILL;BLANCO;;PRODUCTOS FABRICADOS;;NAJUL;3,93;8,5;7,8;7,2;6,3
;;NEGRO;;;;;;;;;
;;AMARILLO;;;;;;;;;
;;AZUL REY;;;;;;;;;
;;AZUL MARINO;;;;;;;;;
;;BEIGE;;;;;;;;;
;;GRIS;;;;;;;;;
S210202;DELANTAL MESONERO CORTO DRILL;BLANCO;;PRODUCTOS FABRICADOS;;NAJUL;2,16;5;4,4;3,9;3,5
;;NEGRO;;;;;;;;;
;;AMARILLO;;;;;;;;;
;;AZUL REY;;;;;;;;;
;;AZUL MARINO;;;;;;;;;
;;BEIGE;;;;;;;;;
;;GRIS;;;;;;;;;
S220301;MONO INDUSTRIAL DE DRILL SS-XL;BLANCO;SS/EP;PRODUCTOS FABRICADOS;;NAJUL;5,96;13,5;12;10,8;9,6
;;NEGRO;S/P;;;;;;;;
;;AMARILLO;M/M;;;;;;;;
;;AZUL REY;L/G;;;;;;;;
;;AZUL MARINO;XL/EG;;;;;;;;
;;BEIGE;;;;;;;;;
;;GRIS;;;;;;;;;
S220302;MONO INDUSTRIAL DE DRILL 2XL-5XL;BLANCO;2XL/2EG;PRODUCTOS FABRICADOS;;NAJUL;6,8;14,5;13;11,8;10,6
;;NEGRO;3XL/3EG;;;;;;;;
;;AMARILLO;4XL/4EG;;;;;;;;
;;AZUL REY;5XL/5EG;;;;;;;;
;;AZUL MARINO;;;;;;;;;
;;BEIGE;;;;;;;;;
;;GRIS;;;;;;;;;
S220303;MONO DE ENFERMERA UNICOLOR MICROFIBRA SS-XL;BLANCO;SS/EP;PRODUCTOS FABRICADOS;;NAJUL;4,28;11,2;10,5;9,2;8
;;NEGRO;S/P;;;;;;;;
;;AZUL MARINO;M/M;;;;;;;;
;;AZUL REY;L/G;;;;;;;;
;;AZUL CELESTE;XL/EG;;;;;;;;
;;BEIGE;;;;;;;;;
;;GRIS;;;;;;;;;
;;ROJO;;;;;;;;;
;;NARANJA;;;;;;;;;
;;VERDE;;;;;;;;;
;;AMARILLO;;;;;;;;;
S220305;MONO DE ENFERMERA UNICOLOR TASLAN SS-XL;BLANCO;SS/EP;PRODUCTOS FABRICADOS;;NAJUL;4,38;11,2;10,5;9,2;8
;;NEGRO;S/P;;;;;;;;
;;AZUL MARINO;M/M;;;;;;;;
;;AZUL REY;L/G;;;;;;;;
;;AZUL CELESTE;XL/EG;;;;;;;;
;;BEIGE;;;;;;;;;
;;GRIS;;;;;;;;;
;;ROJO;;;;;;;;;
;;NARANJA;;;;;;;;;
;;VERDE;;;;;;;;;
;;AMARILLO;;;;;;;;;
S220304;MONO DE ENFERMERA UNICOLOR MICROFIBRA 2XL-5XL;BLANCO;2XL/2EG;PRODUCTOS FABRICADOS;;NAJUL;3,88;12;9,5;8,5;7,5
;;NEGRO;3XL/3EG;;;;;;;;
;;AZUL MARINO;4XL/4EG;;;;;;;;
;;AZUL REY;5XL/5EG;;;;;;;;
;;AZUL CELESTE;;;;;;;;;
;;BEIGE;;;;;;;;;
;;GRIS;;;;;;;;;
;;ROJO;;;;;;;;;
;;NARANJA;;;;;;;;;
;;VERDE;;;;;;;;;
;;AMARILLO;;;;;;;;;
S220306;MONO DE ENFERMERA UNICOLOR TASLAN 2XL-5XL;BLANCO;2XL/2EG;PRODUCTOS FABRICADOS;;NAJUL;4,3;12;9,5;8,5;7,5
;;NEGRO;3XL/3EG;;;;;;;;
;;AZUL MARINO;4XL/4EG;;;;;;;;
;;AZUL REY;5XL/5EG;;;;;;;;
;;AZUL CELESTE;;;;;;;;;
;;BEIGE;;;;;;;;;
;;GRIS;;;;;;;;;
;;ROJO;;;;;;;;;
;;NARANJA;;;;;;;;;
;;VERDE;;;;;;;;;
;;AMARILLO;;;;;;;;;
S230101;GORRO TIPO COCINERO DRILL;BLANCO;;PRODUCTOS FABRICADOS;;NAJUL;1,4;4;3,4;2,8;2,4
;;NEGRO;;;;;;;;;
;;AMARILLO;;;;;;;;;
;;AZUL REY;;;;;;;;;
;;AZUL MARINO;;;;;;;;;
;;BEIGE;;;;;;;;;
;;GRIS;;;;;;;;;
GL64000;FRANELA GILDAN SOFTYLE ;NEGRO;P;GILDAN;;GILDAN;4,07;14;11,5;10,5;9
;;AZUL MARINO;M;;;;;;;;
;;;L;;;;;;;;
;;;XL;;;;;;;;
;;;2XL;;;;;;;;
GLH000;FRANELA GILDAN HAMMER;NEGRO;P;GILDAN;;GILDAN;4,07;14;11,5;10,5;9
;;AZUL MARINO;M;;;;;;;;
;;;L;;;;;;;;
;;;XL;;;;;;;;
;;;2XL;;;;;;;;
GLH400;SWETER GILDAN HAMMER;NEGRO;P;GILDAN;;GILDAN;8,67;24;19;15;14
;;AZUL MARINO;M;;;;;;;;
;;;L;;;;;;;;
;;;XL;;;;;;;;
;;;2XL;;;;;;;;
GLHB001;SWETER GILDAN HEAVY BLEND;NEGRO;P;GILDAN;;GILDAN;8,67;24;19;15;14
;;AZUL MARINO;M;;;;;;;;
;;;L;;;;;;;;
;;;XL;;;;;;;;
;;;2XL;;;;;;;;
GL64400;SWETER GILDAN SOFTYLE;NEGRO;P;GILDAN;;GILDAN;7,29;21;17;14;12
;;AZUL MARINO;M;;;;;;;;
;;;L;;;;;;;;
;;;XL;;;;;;;;
;;;2XL;;;;;;;;
S200401;BATA MEDICA LARGA M/L MICROFIBRA SS-XL;BLANCO;SS/EP;PRODUCTOS FABRICADOS;;NAJUL;6,38;16;15;14,1;12,7
;;NEGRO;S/P;;;;;;;;
;;AZUL MARINO;M/M;;;;;;;;
;;AZUL REY;L/G;;;;;;;;
;;AZUL CELESTE;XL/EG;;;;;;;;
;;BEIGE;;;;;;;;;
;;GRIS;;;;;;;;;
;;ROJO;;;;;;;;;
;;NARANJA;;;;;;;;;
;;VERDE;;;;;;;;;
;;AMARILLO;;;;;;;;;
S200402;BATA MEDICA LARGA M/L MICROFIBRA 2XL-5XL;BLANCO;2XL/2EG;PRODUCTOS FABRICADOS;;NAJUL;7,23;17;16;14,8;13
;;NEGRO;3XL/3EG;;;;;;;;
;;AZUL MARINO;4XL/4EG;;;;;;;;
;;AZUL REY;5XL/5EG;;;;;;;;
;;AZUL CELESTE;;;;;;;;;
;;BEIGE;;;;;;;;;
;;GRIS;;;;;;;;;
;;ROJO;;;;;;;;;
;;NARANJA;;;;;;;;;
;;VERDE;;;;;;;;;
;;AMARILLO;;;;;;;;;
S200403;BATA MEDICA LARGA (LABORATORIO) M/L DRILL SS-XL;BLANCO;SS/EP;PRODUCTOS FABRICADOS;;NAJUL;7,23;17;16;14,8;13
;;NEGRO;S/P;;;;;;;;
;;AMARILLO;M/M;;;;;;;;
;;AZUL REY;L/G;;;;;;;;
;;AZUL MARINO;XL/EG;;;;;;;;
;;BEIGE;;;;;;;;;
;;GRIS;;;;;;;;;
S200404;BATA MEDICA LARGA (LABORATORIO) M/L DRILL 2XL-5XL;BLANCO;2XL/2EG;PRODUCTOS FABRICADOS;;NAJUL;7,23;17;16;14,8;13
;;NEGRO;3XL/3EG;;;;;;;;
;;AMARILLO;4XL/4EG;;;;;;;;
;;AZUL REY;5XL/5EG;;;;;;;;
;;AZUL MARINO;;;;;;;;;
;;BEIGE;;;;;;;;;
;;GRIS;;;;;;;;;
S200101;BATA TIPO ENFERMERA UNICOLOR MICROFIBRA SS-XL;BLANCO;SS/EP;PRODUCTOS FABRICADOS;;NAJUL;4,27;10,5;10;9;8,2
;;NEGRO;S/P;;;;;;;;
;;AZUL MARINO;M/M;;;;;;;;
;;AZUL REY;L/G;;;;;;;;
;;AZUL CELESTE;XL/EG;;;;;;;;
;;BEIGE;;;;;;;;;
;;GRIS;;;;;;;;;
;;ROJO;;;;;;;;;
;;NARANJA;;;;;;;;;
;;VERDE;;;;;;;;;
;;AMARILLO;;;;;;;;;
S200102;BATA TIPO ENFERMERA UNICOLOR MICROFIBRA 2XL-5XL;BLANCO;2XL/2EG;PRODUCTOS FABRICADOS;;NAJUL;4,67;11;10,5;9,5;8,7
;;NEGRO;3XL/3EG;;;;;;;;
;;AZUL MARINO;4XL/4EG;;;;;;;;
;;AZUL REY;5XL/5EG;;;;;;;;
;;AZUL CELESTE;;;;;;;;;
;;BEIGE;;;;;;;;;
;;GRIS;;;;;;;;;
;;ROJO;;;;;;;;;
;;NARANJA;;;;;;;;;
;;VERDE;;;;;;;;;
;;AMARILLO;;;;;;;;;
S200201;BATA TIPO ENFERMERA UNICOLOR TASLAN SS-XL;BLANCO;SS/EP;PRODUCTOS FABRICADOS;;NAJUL;4,4;11;10,4;9,2;8,4
;;NEGRO;S/P;;;;;;;;
;;AZUL MARINO;M/M;;;;;;;;
;;AZUL REY;L/G;;;;;;;;
;;AZUL CELESTE;XL/EG;;;;;;;;
;;BEIGE;;;;;;;;;
;;GRIS;;;;;;;;;
;;ROJO;;;;;;;;;
;;NARANJA;;;;;;;;;
;;VERDE;;;;;;;;;
;;AMARILLO;;;;;;;;;
S200202;BATA TIPO ENFERMERA UNICOLOR TASLAN 2XL-52XL;BLANCO;2XL/2EG;PRODUCTOS FABRICADOS;;NAJUL;4,82;11,3;10,7;9,7;8,8
;;NEGRO;3XL/3EG;;;;;;;;
;;AZUL MARINO;4XL/4EG;;;;;;;;
;;AZUL REY;5XL/5EG;;;;;;;;
;;AZUL CELESTE;;;;;;;;;
;;BEIGE;;;;;;;;;
;;GRIS;;;;;;;;;
;;ROJO;;;;;;;;;
;;NARANJA;;;;;;;;;
;;VERDE;;;;;;;;;
;;AMARILLO;;;;;;;;;
S200302;BATA TIPO INDUSTRIAL DE MANTENIMIENTO DRILL 2XL-5XL;BLANCO;SS/EP;PRODUCTOS FABRICADOS;;NAJUL;7,02;15,8;15;13,7;12,4
;;NEGRO;S/P;;;;;;;;
;;AMARILLO;M/M;;;;;;;;
;;AZUL REY;L/G;;;;;;;;
;;AZUL MARINO;XL/EG;;;;;;;;
;;BEIGE;;;;;;;;;
;;GRIS;;;;;;;;;
S200301;BATA TIPO INDUSTRIAL DE MANTENIMIENTO DRILL SS-XL;BLANCO;2XL/2EG;PRODUCTOS FABRICADOS;;NAJUL;6,28;15,6;14,6;12,9;11,5
;;NEGRO;3XL/3EG;;;;;;;;
;;AMARILLO;4XL/4EG;;;;;;;;
;;AZUL REY;5XL/5EG;;;;;;;;
;;AZUL MARINO;;;;;;;;;
;;BEIGE;;;;;;;;;
;;GRIS;;;;;;;;;
S010501;SLACK MANGA CORTA DRILL SS-XL (CAMISA INDUSTRIAL);BLANCO;SS/EP;PRODUCTOS FABRICADOS;;NAJUL;7,94;17,5;15,8;14,2;12,8
;;NEGRO;S/P;;;;;;;;
;;AMARILLO;M/M;;;;;;;;
;;AZUL REY;L/G;;;;;;;;
;;AZUL MARINO;XL/EG;;;;;;;;
;;BEIGE;;;;;;;;;
;;GRIS;;;;;;;;;
S010502;SLACK MANGA CORTA DRILL 2XL-5XL (CAMISA INDUSTRIAL);BLANCO;2XL/2EG;PRODUCTOS FABRICADOS;;NAJUL;8,68;19;17,5;15,8;14,2
;;NEGRO;3XL/3EG;;;;;;;;
;;AMARILLO;4XL/4EG;;;;;;;;
;;AZUL REY;5XL/5EG;;;;;;;;
;;AZUL MARINO;;;;;;;;;
;;BEIGE;;;;;;;;;
;;GRIS;;;;;;;;;
S010601;SLACK MANGA LARGA DRILL SS-XL (CAMISA INDUSTRIAL);BLANCO;SS/EP;PRODUCTOS FABRICADOS;;NAJUL;8,68;19;17,5;15,8;14,2
;;NEGRO;S/P;;;;;;;;
;;AMARILLO;M/M;;;;;;;;
;;AZUL REY;L/G;;;;;;;;
;;AZUL MARINO;XL/EG;;;;;;;;
;;BEIGE;;;;;;;;;
;;GRIS;;;;;;;;;
S010602;SLACK MANGA LARGA DRILL 2XL-5XL (CAMISA INDUSTRIAL);BLANCO;2XL/2EG;PRODUCTOS FABRICADOS;;NAJUL;9,41;21;18,9;16,9;15
;;NEGRO;3XL/3EG;;;;;;;;
;;AMARILLO;4XL/4EG;;;;;;;;
;;AZUL REY;5XL/5EG;;;;;;;;
;;AZUL MARINO;;;;;;;;;
;;BEIGE;;;;;;;;;
;;GRIS;;;;;;;;;
120101;POSTE VIAL CON REFLECTIVO;;;SEGURIDAD INDUSTRIAL;;;18,5;36;32;27;25
160105;PREFILTRO MOD 5N11 3M;;;SEGURIDAD INDUSTRIAL;;3M;6,95;11;10,5;10;9,5
140101;PROTECTOR AUDITIVO TIPO CINTILLO;;;SEGURIDAD INDUSTRIAL;;DELTAPLUS;6,18;13;12;9,5;8,5
150102;RESPIRADOR MEDIA CARA 6200 3M;;;SEGURIDAD INDUSTRIAL;;3M;18;31;29;27;26
150101;RESPIRADOR MEDIA CARA S900 AIR;;;SEGURIDAD INDUSTRIAL;;AIR;13,87;30;27;23;21
100101;TAPONES AUDITIVOS CONICO CON TIRA;;;SEGURIDAD INDUSTRIAL;ESPUMA DE POLIURETANO;VENITEX;0,13;0,5;0,4;0,3;0,25
100103;TAPONES AUDITIVOS CONICO CON TIRA CAJA;;;SEGURIDAD INDUSTRIAL;ESPUMA DE POLIURETANO;VENITEX;26;50;40;30;25
100102;TAPONES AUDITIVOS CONICO SIN TIRA;;;SEGURIDAD INDUSTRIAL;ESPUMA DE POLIURETANO;VENITEX;0,09;0,5;0,4;0,25;0,2
180101;CASCO CON AJUSTADOR PROLIFE;AMARILLO;;SEGURIDAD INDUSTRIAL;;PROLIFE;3,9;8;7;6,2;5,5
;;AZUL REY;;;;;3,9;8;7;6,2;5,5
;;BLANCO;;;;;3,9;8;7;6,2;5,5
;;GRIS;;;;;3,9;8;7;6,2;5,5
;;NARANJA;;;;;3,9;8;7;6,2;5,5
;;ROJO;;;;;3,9;8;7;6,2;5,5
;;VERDE;;;;;3,9;8;7;6,2;5,5
180201;CASCO CON AJUSTADOR VENITEX;AMARILLO;;SEGURIDAD INDUSTRIAL;;VENITEX;5,6;12;10;9;8
;;AZUL REY;;;;;5,6;12;10;9;8
;;BLANCO;;;;;5,6;12;10;9;8
;;GRIS;;;;;5,6;12;10;9;8
;;NARANJA;;;;;5,6;12;10;9;8
;;ROJO;;;;;5,6;12;10;9;8
;;VERDE;;;;;5,6;12;10;9;8
130105;CHALECO VIAL REFLECTIVO;NARANJA;;SEGURIDAD INDUSTRIAL;;GENERICO;4;8;7;6,4;6
;;VERDE;;;;;4;8;7;6,4;6
130101;CINTA DE ACORNODAR 300 mts (NO PASE);;;SEGURIDAD INDUSTRIAL;;;9,2;20;17;14;12,5
110101;CONO VIAL CON REFLECTIVO;NARANJA;"28""";SEGURIDAD INDUSTRIAL;;;15,6;32;29;25;22
;;;"32""";;;;20,2;40;36;32;28
160104;FILTRO CARTUCHO SERIE 6000 MOD 6006 3M;;;SEGURIDAD INDUSTRIAL;;3M;17,64;28;26,5;25;23,5
160101;FILTRO CONTRA GASES ACIDOS Y VAPORES ORGANICOS F600VG AIR;;;SEGURIDAD INDUSTRIAL;;AIR;13,59;28;24;21;19,4
160102;FILTRO CONTRA PARTICULAS CON CARBON ACTIVADO F200CP3 AIR;;;SEGURIDAD INDUSTRIAL;;AIR;11,41;24;21;18;16,5
160103;FILTRO MULTIGAS F600M AIR;;;SEGURIDAD INDUSTRIAL;;AIR;17,58;38;33;28;26
80201;GUANTE CARNAZA D/PALMA;;"12""";SEGURIDAD INDUSTRIAL;;;1,74;4;3;2,8;2,5
80202;GUANTE CARNAZA D/PALMA CON MATA CHISPA;;"16""";SEGURIDAD INDUSTRIAL;;;3,65;8;7;6;5
080402;GUANTE LATEX DOUCOLOR;;;SEGURIDAD INDUSTRIAL;;NITRILE;1,2;3,5;3;2,5;2
080401;GUANTE LATEX DOUCOLOR;;;SEGURIDAD INDUSTRIAL;;VENITEX;1,2;3,5;3;2,5;2
80202;GUANTE PETROLERO CARNAZA TIPO PISTOLA;;"12""";SEGURIDAD INDUSTRIAL;;;1,7;5;4;3,2;2,8
80501;GUANTE PVC;;"14""";SEGURIDAD INDUSTRIAL;;;1,3;3,5;3;2,5;2
080101;GUANTE TEJIDO DE PUNTO PVC (DOCENA);;;SEGURIDAD INDUSTRIAL;;CAROLINA;3;8;7;6;5
080301;GUANTE TEXTIL CON NITRILO DELTAPLUS;;;SEGURIDAD INDUSTRIAL;;DELTAPLUS;1,1;3;2;1,8;1,5
080302;GUANTE TEXTIL CON NITRILO ABRATOOLS;;;SEGURIDAD INDUSTRIAL;;ABRATOOLS;1,1;3;2;1,8;1,5
070401;IMPERMEABLE TIPO GABAN 200 MICRAS ;;;SEGURIDAD INDUSTRIAL;;GENERICA;6;10;9;8;7,5
070101;IMPERMEABLE TIPO GABAN 300 MICRAS ;;;SEGURIDAD INDUSTRIAL;;VANGUARD;6;16;15;14;13
070201;IMPERMEABLE TIPO MOTORIZADO 200 MICRAS;;;SEGURIDAD INDUSTRIAL;;DELTAPLUS;8;16;15;14;13
070301;IMPERMEABLE TIPO MOTORIZADO ALTA VISIBILIDAD 250 MICRAS;;;SEGURIDAD INDUSTRIAL;;PANOPLY;11,43;20;18;17;16
090105;LENTE MONOGAFAS OPERATIVO ABRATOOLS;;;SEGURIDAD INDUSTRIAL;;ABRATOOLS;0,77;2,7;2,2;2;1,8
090104;LENTE MONOGAFAS SUPERVISOR ABRATOOLS;;;SEGURIDAD INDUSTRIAL;;ABRATOOLS;0,91;3;2,5;2,2;2
090103;LENTE TIPO AVISPA DELTAPLUS;AMARILLO;;SEGURIDAD INDUSTRIAL;;DELTAPLUS;0,8;3;2,5;2;1,5
;;CLARO;;;;;0,8;3;2,5;2;1,5
;;OSCURO;;;;;0,8;3;2,5;2;1,5
